pairID,pairType,visualType,ratingType,aggregator,ratings
bowl-glass,within ,Mix,visual,mean,2.8666666666666667
bowl-plate,within ,Mix,visual,mean,4.2
bowl-salt shaker,within ,Mix,visual,mean,2.0
bowl-teapot,within ,Mix,visual,mean,2.3333333333333335
bowl-church,between,Mix,visual,mean,1.4666666666666666
bowl-igloo,between,Mix,visual,mean,3.8666666666666667
bowl-lighthouse,between,Mix,visual,mean,1.6
bowl-pyramid,between,Mix,visual,mean,1.5333333333333334
bowl-windmill,between,Mix,visual,mean,1.4666666666666666
bicycle-bowl,between,Mix,visual,mean,1.1333333333333333
bowl-bus,between,Mix,visual,mean,1.6666666666666667
bowl-car,between,Mix,visual,mean,1.8666666666666667
bowl-scooter,between,Mix,visual,mean,1.0666666666666667
bowl-tractor,between,Mix,visual,mean,1.4666666666666666
ant-bowl,between,Mix,visual,mean,1.2666666666666666
bowl-butterfly,between,Mix,visual,mean,1.4
bowl-dragonfly,between,Mix,visual,mean,1.2666666666666666
bowl-fly,between,Mix,visual,mean,1.6666666666666667
bowl-ladybug,between,Mix,visual,mean,2.466666666666667
apple-bowl,between,Mix,visual,mean,3.466666666666667
banana-bowl,between,Mix,visual,mean,1.4
bowl-cherry,between,Mix,visual,mean,1.6
bowl-lemon,between,Mix,visual,mean,3.1333333333333333
bowl-raspberry,between,Mix,visual,mean,2.0
asparagus-bowl,between,Mix,visual,mean,1.4666666666666666
bell pepper-bowl,between,Mix,visual,mean,1.6
bowl-broccoli,between,Mix,visual,mean,1.9333333333333333
bowl-carrot,between,Mix,visual,mean,1.3333333333333333
bowl-onion,between,Mix,visual,mean,3.066666666666667
bowl-dandelion,between,Mix,visual,mean,1.1333333333333333
bowl-palm tree,between,Mix,visual,mean,1.3333333333333333
bowl-rose,between,Mix,visual,mean,1.3333333333333333
bowl-sunflower,between,Mix,visual,mean,1.2666666666666666
bowl-tulip,between,Mix,visual,mean,1.2666666666666666
bowl-cow,between,Mix,visual,mean,1.7333333333333334
bowl-donkey,between,Mix,visual,mean,1.2666666666666666
bowl-goat,between,Mix,visual,mean,1.2
bowl-horse,between,Mix,visual,mean,1.2666666666666666
bowl-stag,between,Mix,visual,mean,1.8
bowl-eagle,between,Mix,visual,mean,1.4666666666666666
bowl-owl,between,Mix,visual,mean,1.2
bowl-parrot,between,Mix,visual,mean,1.3333333333333333
bowl-pigeon,between,Mix,visual,mean,1.3333333333333333
bowl-stork,between,Mix,visual,mean,1.4
axe-bowl,between,Mix,visual,mean,1.2666666666666666
bowl-hammer,between,Mix,visual,mean,1.3333333333333333
bowl-pliers,between,Mix,visual,mean,1.0666666666666667
bowl-saw,between,Mix,visual,mean,1.4666666666666666
bowl-shovel,between,Mix,visual,mean,1.6
bowl-dishwasher,between,Mix,visual,mean,1.6
bowl-microwave,between,Mix,visual,mean,2.3333333333333335
bowl-television,between,Mix,visual,mean,1.9333333333333333
bowl-toaster,between,Mix,visual,mean,1.7333333333333334
bowl-washing machine,between,Mix,visual,mean,1.9333333333333333
blouse-bowl,between,Mix,visual,mean,1.2
bowl-coat,between,Mix,visual,mean,1.4666666666666666
bowl-jacket,between,Mix,visual,mean,1.2666666666666666
bowl-shirt,between,Mix,visual,mean,1.3333333333333333
bowl-uniform,between,Mix,visual,mean,1.4666666666666666
glass-plate,within ,Mix,visual,mean,1.4666666666666666
glass-salt shaker,within ,Mix,visual,mean,3.066666666666667
glass-teapot,within ,Mix,visual,mean,2.4
church-glass,between,Mix,visual,mean,1.3333333333333333
glass-igloo,between,Mix,visual,mean,1.6666666666666667
glass-lighthouse,between,Mix,visual,mean,3.0
glass-pyramid,between,Mix,visual,mean,1.6666666666666667
glass-windmill,between,Mix,visual,mean,2.3333333333333335
bicycle-glass,between,Mix,visual,mean,1.2
bus-glass,between,Mix,visual,mean,1.4666666666666666
car-glass,between,Mix,visual,mean,1.6666666666666667
glass-scooter,between,Mix,visual,mean,1.2
glass-tractor,between,Mix,visual,mean,1.4666666666666666
ant-glass,between,Mix,visual,mean,1.0666666666666667
butterfly-glass,between,Mix,visual,mean,1.2
dragonfly-glass,between,Mix,visual,mean,1.5333333333333334
fly-glass,between,Mix,visual,mean,1.3333333333333333
glass-ladybug,between,Mix,visual,mean,1.6
apple-glass,between,Mix,visual,mean,2.066666666666667
banana-glass,between,Mix,visual,mean,2.2
cherry-glass,between,Mix,visual,mean,1.4
glass-lemon,between,Mix,visual,mean,1.8
glass-raspberry,between,Mix,visual,mean,2.2
asparagus-glass,between,Mix,visual,mean,2.6
bell pepper-glass,between,Mix,visual,mean,2.933333333333333
broccoli-glass,between,Mix,visual,mean,2.2
carrot-glass,between,Mix,visual,mean,1.6
glass-onion,between,Mix,visual,mean,1.7333333333333334
dandelion-glass,between,Mix,visual,mean,1.8666666666666667
glass-palm tree,between,Mix,visual,mean,2.066666666666667
glass-rose,between,Mix,visual,mean,2.066666666666667
glass-sunflower,between,Mix,visual,mean,2.7333333333333334
glass-tulip,between,Mix,visual,mean,1.8
cow-glass,between,Mix,visual,mean,1.3333333333333333
donkey-glass,between,Mix,visual,mean,1.2666666666666666
glass-goat,between,Mix,visual,mean,1.7333333333333334
glass-horse,between,Mix,visual,mean,1.0
glass-stag,between,Mix,visual,mean,1.4666666666666666
eagle-glass,between,Mix,visual,mean,1.8666666666666667
glass-owl,between,Mix,visual,mean,1.9333333333333333
glass-parrot,between,Mix,visual,mean,1.5333333333333334
glass-pigeon,between,Mix,visual,mean,1.9333333333333333
glass-stork,between,Mix,visual,mean,1.5333333333333334
axe-glass,between,Mix,visual,mean,1.4666666666666666
glass-hammer,between,Mix,visual,mean,1.6666666666666667
glass-pliers,between,Mix,visual,mean,1.7333333333333334
glass-saw,between,Mix,visual,mean,2.066666666666667
glass-shovel,between,Mix,visual,mean,1.8
dishwasher-glass,between,Mix,visual,mean,1.8
glass-microwave,between,Mix,visual,mean,1.4666666666666666
glass-television,between,Mix,visual,mean,1.2666666666666666
glass-toaster,between,Mix,visual,mean,2.4
glass-washing machine,between,Mix,visual,mean,1.4666666666666666
blouse-glass,between,Mix,visual,mean,2.0
coat-glass,between,Mix,visual,mean,2.4
glass-jacket,between,Mix,visual,mean,1.3333333333333333
glass-shirt,between,Mix,visual,mean,1.4
glass-uniform,between,Mix,visual,mean,2.066666666666667
plate-salt shaker,within ,Mix,visual,mean,1.6666666666666667
plate-teapot,within ,Mix,visual,mean,1.8666666666666667
church-plate,between,Mix,visual,mean,1.2666666666666666
igloo-plate,between,Mix,visual,mean,2.8
lighthouse-plate,between,Mix,visual,mean,1.6666666666666667
plate-pyramid,between,Mix,visual,mean,1.2666666666666666
plate-windmill,between,Mix,visual,mean,1.7333333333333334
bicycle-plate,between,Mix,visual,mean,1.5333333333333334
bus-plate,between,Mix,visual,mean,1.6
car-plate,between,Mix,visual,mean,1.9333333333333333
plate-scooter,between,Mix,visual,mean,1.1333333333333333
plate-tractor,between,Mix,visual,mean,1.4
ant-plate,between,Mix,visual,mean,1.0666666666666667
butterfly-plate,between,Mix,visual,mean,1.2666666666666666
dragonfly-plate,between,Mix,visual,mean,1.1333333333333333
fly-plate,between,Mix,visual,mean,1.4
ladybug-plate,between,Mix,visual,mean,2.7333333333333334
apple-plate,between,Mix,visual,mean,3.0
banana-plate,between,Mix,visual,mean,1.2
cherry-plate,between,Mix,visual,mean,1.9333333333333333
lemon-plate,between,Mix,visual,mean,2.7333333333333334
plate-raspberry,between,Mix,visual,mean,2.3333333333333335
asparagus-plate,between,Mix,visual,mean,1.3333333333333333
bell pepper-plate,between,Mix,visual,mean,2.2
broccoli-plate,between,Mix,visual,mean,1.9333333333333333
carrot-plate,between,Mix,visual,mean,1.4666666666666666
onion-plate,between,Mix,visual,mean,2.4
dandelion-plate,between,Mix,visual,mean,1.2
palm tree-plate,between,Mix,visual,mean,1.1333333333333333
plate-rose,between,Mix,visual,mean,1.3333333333333333
plate-sunflower,between,Mix,visual,mean,1.6
plate-tulip,between,Mix,visual,mean,1.1333333333333333
cow-plate,between,Mix,visual,mean,1.2666666666666666
donkey-plate,between,Mix,visual,mean,1.2666666666666666
goat-plate,between,Mix,visual,mean,1.6
horse-plate,between,Mix,visual,mean,1.0
plate-stag,between,Mix,visual,mean,1.2666666666666666
eagle-plate,between,Mix,visual,mean,1.5333333333333334
owl-plate,between,Mix,visual,mean,1.2
parrot-plate,between,Mix,visual,mean,1.3333333333333333
pigeon-plate,between,Mix,visual,mean,1.7333333333333334
plate-stork,between,Mix,visual,mean,1.2666666666666666
axe-plate,between,Mix,visual,mean,1.1333333333333333
hammer-plate,between,Mix,visual,mean,1.3333333333333333
plate-pliers,between,Mix,visual,mean,1.2
plate-saw,between,Mix,visual,mean,1.6666666666666667
plate-shovel,between,Mix,visual,mean,1.2666666666666666
dishwasher-plate,between,Mix,visual,mean,1.0666666666666667
microwave-plate,between,Mix,visual,mean,2.2666666666666666
plate-television,between,Mix,visual,mean,1.5333333333333334
plate-toaster,between,Mix,visual,mean,1.8666666666666667
plate-washing machine,between,Mix,visual,mean,1.2666666666666666
blouse-plate,between,Mix,visual,mean,1.6
coat-plate,between,Mix,visual,mean,1.3333333333333333
jacket-plate,between,Mix,visual,mean,1.1333333333333333
plate-shirt,between,Mix,visual,mean,1.1333333333333333
plate-uniform,between,Mix,visual,mean,1.4
salt shaker-teapot,within ,Mix,visual,mean,2.0
church-salt shaker,between,Mix,visual,mean,1.9333333333333333
igloo-salt shaker,between,Mix,visual,mean,1.4666666666666666
lighthouse-salt shaker,between,Mix,visual,mean,2.466666666666667
pyramid-salt shaker,between,Mix,visual,mean,2.0
salt shaker-windmill,between,Mix,visual,mean,2.8
bicycle-salt shaker,between,Mix,visual,mean,1.2
bus-salt shaker,between,Mix,visual,mean,1.4
car-salt shaker,between,Mix,visual,mean,2.2666666666666666
salt shaker-scooter,between,Mix,visual,mean,1.3333333333333333
salt shaker-tractor,between,Mix,visual,mean,1.6
ant-salt shaker,between,Mix,visual,mean,1.3333333333333333
butterfly-salt shaker,between,Mix,visual,mean,1.3333333333333333
dragonfly-salt shaker,between,Mix,visual,mean,1.4
fly-salt shaker,between,Mix,visual,mean,1.2666666666666666
ladybug-salt shaker,between,Mix,visual,mean,1.3333333333333333
apple-salt shaker,between,Mix,visual,mean,1.3333333333333333
banana-salt shaker,between,Mix,visual,mean,2.2
cherry-salt shaker,between,Mix,visual,mean,1.6
lemon-salt shaker,between,Mix,visual,mean,1.4
raspberry-salt shaker,between,Mix,visual,mean,2.4
asparagus-salt shaker,between,Mix,visual,mean,2.2
bell pepper-salt shaker,between,Mix,visual,mean,2.6666666666666665
broccoli-salt shaker,between,Mix,visual,mean,2.4
carrot-salt shaker,between,Mix,visual,mean,2.4
onion-salt shaker,between,Mix,visual,mean,1.8
dandelion-salt shaker,between,Mix,visual,mean,2.6666666666666665
palm tree-salt shaker,between,Mix,visual,mean,2.7333333333333334
rose-salt shaker,between,Mix,visual,mean,2.2666666666666666
salt shaker-sunflower,between,Mix,visual,mean,3.4
salt shaker-tulip,between,Mix,visual,mean,2.466666666666667
cow-salt shaker,between,Mix,visual,mean,1.3333333333333333
donkey-salt shaker,between,Mix,visual,mean,1.3333333333333333
goat-salt shaker,between,Mix,visual,mean,1.4
horse-salt shaker,between,Mix,visual,mean,1.1333333333333333
salt shaker-stag,between,Mix,visual,mean,1.4
eagle-salt shaker,between,Mix,visual,mean,1.8
owl-salt shaker,between,Mix,visual,mean,2.4
parrot-salt shaker,between,Mix,visual,mean,1.8666666666666667
pigeon-salt shaker,between,Mix,visual,mean,2.066666666666667
salt shaker-stork,between,Mix,visual,mean,1.4
axe-salt shaker,between,Mix,visual,mean,1.8666666666666667
hammer-salt shaker,between,Mix,visual,mean,1.8666666666666667
pliers-salt shaker,between,Mix,visual,mean,2.2666666666666666
salt shaker-saw,between,Mix,visual,mean,2.6
salt shaker-shovel,between,Mix,visual,mean,2.066666666666667
dishwasher-salt shaker,between,Mix,visual,mean,2.1333333333333333
microwave-salt shaker,between,Mix,visual,mean,1.5333333333333334
salt shaker-television,between,Mix,visual,mean,2.2
salt shaker-toaster,between,Mix,visual,mean,1.6
salt shaker-washing machine,between,Mix,visual,mean,2.066666666666667
blouse-salt shaker,between,Mix,visual,mean,1.6
coat-salt shaker,between,Mix,visual,mean,2.6
jacket-salt shaker,between,Mix,visual,mean,1.6
salt shaker-shirt,between,Mix,visual,mean,1.9333333333333333
salt shaker-uniform,between,Mix,visual,mean,2.533333333333333
church-teapot,between,Mix,visual,mean,1.9333333333333333
igloo-teapot,between,Mix,visual,mean,2.8
lighthouse-teapot,between,Mix,visual,mean,1.3333333333333333
pyramid-teapot,between,Mix,visual,mean,1.7333333333333334
teapot-windmill,between,Mix,visual,mean,1.4666666666666666
bicycle-teapot,between,Mix,visual,mean,1.6666666666666667
bus-teapot,between,Mix,visual,mean,1.3333333333333333
car-teapot,between,Mix,visual,mean,1.9333333333333333
scooter-teapot,between,Mix,visual,mean,1.2666666666666666
teapot-tractor,between,Mix,visual,mean,2.1333333333333333
ant-teapot,between,Mix,visual,mean,1.1333333333333333
butterfly-teapot,between,Mix,visual,mean,1.4
dragonfly-teapot,between,Mix,visual,mean,1.6
fly-teapot,between,Mix,visual,mean,1.2666666666666666
ladybug-teapot,between,Mix,visual,mean,3.6
apple-teapot,between,Mix,visual,mean,4.266666666666667
banana-teapot,between,Mix,visual,mean,1.4666666666666666
cherry-teapot,between,Mix,visual,mean,1.6
lemon-teapot,between,Mix,visual,mean,3.6666666666666665
raspberry-teapot,between,Mix,visual,mean,2.7333333333333334
asparagus-teapot,between,Mix,visual,mean,1.4
bell pepper-teapot,between,Mix,visual,mean,2.933333333333333
broccoli-teapot,between,Mix,visual,mean,1.5333333333333334
carrot-teapot,between,Mix,visual,mean,1.4
onion-teapot,between,Mix,visual,mean,3.6666666666666665
dandelion-teapot,between,Mix,visual,mean,1.3333333333333333
palm tree-teapot,between,Mix,visual,mean,1.7333333333333334
rose-teapot,between,Mix,visual,mean,2.0
sunflower-teapot,between,Mix,visual,mean,1.8
teapot-tulip,between,Mix,visual,mean,1.4666666666666666
cow-teapot,between,Mix,visual,mean,2.0
donkey-teapot,between,Mix,visual,mean,1.8
goat-teapot,between,Mix,visual,mean,1.6666666666666667
horse-teapot,between,Mix,visual,mean,1.4666666666666666
stag-teapot,between,Mix,visual,mean,1.5333333333333334
eagle-teapot,between,Mix,visual,mean,2.1333333333333333
owl-teapot,between,Mix,visual,mean,2.533333333333333
parrot-teapot,between,Mix,visual,mean,2.1333333333333333
pigeon-teapot,between,Mix,visual,mean,2.3333333333333335
stork-teapot,between,Mix,visual,mean,2.2
axe-teapot,between,Mix,visual,mean,1.2
hammer-teapot,between,Mix,visual,mean,1.4
pliers-teapot,between,Mix,visual,mean,1.1333333333333333
saw-teapot,between,Mix,visual,mean,1.3333333333333333
shovel-teapot,between,Mix,visual,mean,1.4666666666666666
dishwasher-teapot,between,Mix,visual,mean,1.6666666666666667
microwave-teapot,between,Mix,visual,mean,1.8
teapot-television,between,Mix,visual,mean,2.2666666666666666
teapot-toaster,between,Mix,visual,mean,1.7333333333333334
teapot-washing machine,between,Mix,visual,mean,2.066666666666667
blouse-teapot,between,Mix,visual,mean,2.0
coat-teapot,between,Mix,visual,mean,1.9333333333333333
jacket-teapot,between,Mix,visual,mean,2.0
shirt-teapot,between,Mix,visual,mean,1.7333333333333334
teapot-uniform,between,Mix,visual,mean,2.2
church-igloo,within ,Mix,visual,mean,1.7333333333333334
church-lighthouse,within ,Mix,visual,mean,2.6666666666666665
church-pyramid,within ,Mix,visual,mean,2.0
church-windmill,within ,Mix,visual,mean,2.1333333333333333
bicycle-church,between,Mix,visual,mean,1.2
bus-church,between,Mix,visual,mean,1.8666666666666667
car-church,between,Mix,visual,mean,1.7333333333333334
church-scooter,between,Mix,visual,mean,2.066666666666667
church-tractor,between,Mix,visual,mean,1.9333333333333333
ant-church,between,Mix,visual,mean,1.4
butterfly-church,between,Mix,visual,mean,1.2666666666666666
church-dragonfly,between,Mix,visual,mean,1.4666666666666666
church-fly,between,Mix,visual,mean,1.4
church-ladybug,between,Mix,visual,mean,1.2666666666666666
apple-church,between,Mix,visual,mean,1.4
banana-church,between,Mix,visual,mean,1.3333333333333333
cherry-church,between,Mix,visual,mean,1.0666666666666667
church-lemon,between,Mix,visual,mean,1.2666666666666666
church-raspberry,between,Mix,visual,mean,1.4666666666666666
asparagus-church,between,Mix,visual,mean,1.4
bell pepper-church,between,Mix,visual,mean,1.4666666666666666
broccoli-church,between,Mix,visual,mean,1.2
carrot-church,between,Mix,visual,mean,1.2
church-onion,between,Mix,visual,mean,1.5333333333333334
church-dandelion,between,Mix,visual,mean,1.6
church-palm tree,between,Mix,visual,mean,1.5333333333333334
church-rose,between,Mix,visual,mean,1.2666666666666666
church-sunflower,between,Mix,visual,mean,1.0666666666666667
church-tulip,between,Mix,visual,mean,1.6666666666666667
church-cow,between,Mix,visual,mean,1.3333333333333333
church-donkey,between,Mix,visual,mean,1.6
church-goat,between,Mix,visual,mean,1.8666666666666667
church-horse,between,Mix,visual,mean,1.3333333333333333
church-stag,between,Mix,visual,mean,1.4666666666666666
church-eagle,between,Mix,visual,mean,1.6666666666666667
church-owl,between,Mix,visual,mean,1.2666666666666666
church-parrot,between,Mix,visual,mean,1.3333333333333333
church-pigeon,between,Mix,visual,mean,1.1333333333333333
church-stork,between,Mix,visual,mean,1.5333333333333334
axe-church,between,Mix,visual,mean,1.3333333333333333
church-hammer,between,Mix,visual,mean,1.2666666666666666
church-pliers,between,Mix,visual,mean,1.0666666666666667
church-saw,between,Mix,visual,mean,1.4
church-shovel,between,Mix,visual,mean,1.0666666666666667
church-dishwasher,between,Mix,visual,mean,2.1333333333333333
church-microwave,between,Mix,visual,mean,2.0
church-television,between,Mix,visual,mean,1.6666666666666667
church-toaster,between,Mix,visual,mean,1.9333333333333333
church-washing machine,between,Mix,visual,mean,2.1333333333333333
blouse-church,between,Mix,visual,mean,1.4666666666666666
church-coat,between,Mix,visual,mean,1.8666666666666667
church-jacket,between,Mix,visual,mean,1.4666666666666666
church-shirt,between,Mix,visual,mean,1.4666666666666666
church-uniform,between,Mix,visual,mean,1.6
igloo-lighthouse,within ,Mix,visual,mean,1.2666666666666666
igloo-pyramid,within ,Mix,visual,mean,2.4
igloo-windmill,within ,Mix,visual,mean,2.2
bicycle-igloo,between,Mix,visual,mean,1.4
bus-igloo,between,Mix,visual,mean,1.9333333333333333
car-igloo,between,Mix,visual,mean,1.9333333333333333
igloo-scooter,between,Mix,visual,mean,1.2
igloo-tractor,between,Mix,visual,mean,1.4666666666666666
ant-igloo,between,Mix,visual,mean,1.1333333333333333
butterfly-igloo,between,Mix,visual,mean,1.6
dragonfly-igloo,between,Mix,visual,mean,1.4666666666666666
fly-igloo,between,Mix,visual,mean,1.2666666666666666
igloo-ladybug,between,Mix,visual,mean,2.933333333333333
apple-igloo,between,Mix,visual,mean,2.2666666666666666
banana-igloo,between,Mix,visual,mean,1.1333333333333333
cherry-igloo,between,Mix,visual,mean,1.4
igloo-lemon,between,Mix,visual,mean,3.1333333333333333
igloo-raspberry,between,Mix,visual,mean,2.8
asparagus-igloo,between,Mix,visual,mean,1.4666666666666666
bell pepper-igloo,between,Mix,visual,mean,2.6666666666666665
broccoli-igloo,between,Mix,visual,mean,2.7333333333333334
carrot-igloo,between,Mix,visual,mean,1.4
igloo-onion,between,Mix,visual,mean,3.0
dandelion-igloo,between,Mix,visual,mean,1.3333333333333333
igloo-palm tree,between,Mix,visual,mean,1.1333333333333333
igloo-rose,between,Mix,visual,mean,1.3333333333333333
igloo-sunflower,between,Mix,visual,mean,1.5333333333333334
igloo-tulip,between,Mix,visual,mean,1.1333333333333333
cow-igloo,between,Mix,visual,mean,1.4
donkey-igloo,between,Mix,visual,mean,1.8
goat-igloo,between,Mix,visual,mean,1.3333333333333333
horse-igloo,between,Mix,visual,mean,1.1333333333333333
igloo-stag,between,Mix,visual,mean,1.4
eagle-igloo,between,Mix,visual,mean,1.8
igloo-owl,between,Mix,visual,mean,1.7333333333333334
igloo-parrot,between,Mix,visual,mean,1.2
igloo-pigeon,between,Mix,visual,mean,1.8666666666666667
igloo-stork,between,Mix,visual,mean,1.4
axe-igloo,between,Mix,visual,mean,1.4666666666666666
hammer-igloo,between,Mix,visual,mean,1.1333333333333333
igloo-pliers,between,Mix,visual,mean,1.4
igloo-saw,between,Mix,visual,mean,1.0666666666666667
igloo-shovel,between,Mix,visual,mean,1.1333333333333333
dishwasher-igloo,between,Mix,visual,mean,2.066666666666667
igloo-microwave,between,Mix,visual,mean,1.9333333333333333
igloo-television,between,Mix,visual,mean,2.1333333333333333
igloo-toaster,between,Mix,visual,mean,1.7333333333333334
igloo-washing machine,between,Mix,visual,mean,2.3333333333333335
blouse-igloo,between,Mix,visual,mean,1.6666666666666667
coat-igloo,between,Mix,visual,mean,1.8666666666666667
igloo-jacket,between,Mix,visual,mean,1.6666666666666667
igloo-shirt,between,Mix,visual,mean,1.4
igloo-uniform,between,Mix,visual,mean,1.2666666666666666
lighthouse-pyramid,within ,Mix,visual,mean,1.7333333333333334
lighthouse-windmill,within ,Mix,visual,mean,2.8666666666666667
bicycle-lighthouse,between,Mix,visual,mean,1.3333333333333333
bus-lighthouse,between,Mix,visual,mean,1.6666666666666667
car-lighthouse,between,Mix,visual,mean,1.4
lighthouse-scooter,between,Mix,visual,mean,1.5333333333333334
lighthouse-tractor,between,Mix,visual,mean,1.4666666666666666
ant-lighthouse,between,Mix,visual,mean,1.0666666666666667
butterfly-lighthouse,between,Mix,visual,mean,1.4
dragonfly-lighthouse,between,Mix,visual,mean,1.8
fly-lighthouse,between,Mix,visual,mean,1.0666666666666667
ladybug-lighthouse,between,Mix,visual,mean,1.4666666666666666
apple-lighthouse,between,Mix,visual,mean,1.4
banana-lighthouse,between,Mix,visual,mean,2.6666666666666665
cherry-lighthouse,between,Mix,visual,mean,1.2666666666666666
lemon-lighthouse,between,Mix,visual,mean,1.8666666666666667
lighthouse-raspberry,between,Mix,visual,mean,1.2
asparagus-lighthouse,between,Mix,visual,mean,2.466666666666667
bell pepper-lighthouse,between,Mix,visual,mean,2.066666666666667
broccoli-lighthouse,between,Mix,visual,mean,2.1333333333333333
carrot-lighthouse,between,Mix,visual,mean,2.2666666666666666
lighthouse-onion,between,Mix,visual,mean,1.2666666666666666
dandelion-lighthouse,between,Mix,visual,mean,2.533333333333333
lighthouse-palm tree,between,Mix,visual,mean,2.8666666666666667
lighthouse-rose,between,Mix,visual,mean,2.7333333333333334
lighthouse-sunflower,between,Mix,visual,mean,2.4
lighthouse-tulip,between,Mix,visual,mean,3.2666666666666666
cow-lighthouse,between,Mix,visual,mean,1.4666666666666666
donkey-lighthouse,between,Mix,visual,mean,1.2
goat-lighthouse,between,Mix,visual,mean,1.2
horse-lighthouse,between,Mix,visual,mean,1.0666666666666667
lighthouse-stag,between,Mix,visual,mean,1.8666666666666667
eagle-lighthouse,between,Mix,visual,mean,1.8
lighthouse-owl,between,Mix,visual,mean,1.7333333333333334
lighthouse-parrot,between,Mix,visual,mean,1.8666666666666667
lighthouse-pigeon,between,Mix,visual,mean,1.8
lighthouse-stork,between,Mix,visual,mean,1.2
axe-lighthouse,between,Mix,visual,mean,1.8
hammer-lighthouse,between,Mix,visual,mean,2.6
lighthouse-pliers,between,Mix,visual,mean,2.1333333333333333
lighthouse-saw,between,Mix,visual,mean,1.9333333333333333
lighthouse-shovel,between,Mix,visual,mean,2.6
dishwasher-lighthouse,between,Mix,visual,mean,1.5333333333333334
lighthouse-microwave,between,Mix,visual,mean,1.6
lighthouse-television,between,Mix,visual,mean,1.6666666666666667
lighthouse-toaster,between,Mix,visual,mean,1.4
lighthouse-washing machine,between,Mix,visual,mean,2.1333333333333333
blouse-lighthouse,between,Mix,visual,mean,1.8
coat-lighthouse,between,Mix,visual,mean,2.533333333333333
jacket-lighthouse,between,Mix,visual,mean,1.9333333333333333
lighthouse-shirt,between,Mix,visual,mean,1.6666666666666667
lighthouse-uniform,between,Mix,visual,mean,2.066666666666667
pyramid-windmill,within ,Mix,visual,mean,2.6
bicycle-pyramid,between,Mix,visual,mean,1.2
bus-pyramid,between,Mix,visual,mean,1.2666666666666666
car-pyramid,between,Mix,visual,mean,1.5333333333333334
pyramid-scooter,between,Mix,visual,mean,1.6
pyramid-tractor,between,Mix,visual,mean,1.7333333333333334
ant-pyramid,between,Mix,visual,mean,1.2
butterfly-pyramid,between,Mix,visual,mean,1.7333333333333334
dragonfly-pyramid,between,Mix,visual,mean,1.4
fly-pyramid,between,Mix,visual,mean,1.2666666666666666
ladybug-pyramid,between,Mix,visual,mean,1.4666666666666666
apple-pyramid,between,Mix,visual,mean,1.6666666666666667
banana-pyramid,between,Mix,visual,mean,1.5333333333333334
cherry-pyramid,between,Mix,visual,mean,1.4
lemon-pyramid,between,Mix,visual,mean,1.6
pyramid-raspberry,between,Mix,visual,mean,1.4
asparagus-pyramid,between,Mix,visual,mean,1.6
bell pepper-pyramid,between,Mix,visual,mean,1.8666666666666667
broccoli-pyramid,between,Mix,visual,mean,1.5333333333333334
carrot-pyramid,between,Mix,visual,mean,1.3333333333333333
onion-pyramid,between,Mix,visual,mean,1.8
dandelion-pyramid,between,Mix,visual,mean,1.6666666666666667
palm tree-pyramid,between,Mix,visual,mean,1.6
pyramid-rose,between,Mix,visual,mean,1.1333333333333333
pyramid-sunflower,between,Mix,visual,mean,1.0666666666666667
pyramid-tulip,between,Mix,visual,mean,1.6
cow-pyramid,between,Mix,visual,mean,1.1333333333333333
donkey-pyramid,between,Mix,visual,mean,1.3333333333333333
goat-pyramid,between,Mix,visual,mean,1.8666666666666667
horse-pyramid,between,Mix,visual,mean,1.4666666666666666
pyramid-stag,between,Mix,visual,mean,1.0666666666666667
eagle-pyramid,between,Mix,visual,mean,1.2
owl-pyramid,between,Mix,visual,mean,1.2
parrot-pyramid,between,Mix,visual,mean,1.3333333333333333
pigeon-pyramid,between,Mix,visual,mean,1.0666666666666667
pyramid-stork,between,Mix,visual,mean,1.6666666666666667
axe-pyramid,between,Mix,visual,mean,1.2
hammer-pyramid,between,Mix,visual,mean,1.2
pliers-pyramid,between,Mix,visual,mean,1.3333333333333333
pyramid-saw,between,Mix,visual,mean,1.7333333333333334
pyramid-shovel,between,Mix,visual,mean,1.2666666666666666
dishwasher-pyramid,between,Mix,visual,mean,1.2666666666666666
microwave-pyramid,between,Mix,visual,mean,1.6
pyramid-television,between,Mix,visual,mean,2.066666666666667
pyramid-toaster,between,Mix,visual,mean,2.2
pyramid-washing machine,between,Mix,visual,mean,1.6666666666666667
blouse-pyramid,between,Mix,visual,mean,1.4666666666666666
coat-pyramid,between,Mix,visual,mean,1.2666666666666666
jacket-pyramid,between,Mix,visual,mean,1.4666666666666666
pyramid-shirt,between,Mix,visual,mean,1.5333333333333334
pyramid-uniform,between,Mix,visual,mean,1.6666666666666667
bicycle-windmill,between,Mix,visual,mean,1.8
bus-windmill,between,Mix,visual,mean,1.8
car-windmill,between,Mix,visual,mean,1.3333333333333333
scooter-windmill,between,Mix,visual,mean,1.0666666666666667
tractor-windmill,between,Mix,visual,mean,1.8
ant-windmill,between,Mix,visual,mean,1.2666666666666666
butterfly-windmill,between,Mix,visual,mean,1.9333333333333333
dragonfly-windmill,between,Mix,visual,mean,3.066666666666667
fly-windmill,between,Mix,visual,mean,1.2666666666666666
ladybug-windmill,between,Mix,visual,mean,1.4
apple-windmill,between,Mix,visual,mean,1.2666666666666666
banana-windmill,between,Mix,visual,mean,1.4
cherry-windmill,between,Mix,visual,mean,1.8666666666666667
lemon-windmill,between,Mix,visual,mean,1.7333333333333334
raspberry-windmill,between,Mix,visual,mean,1.4
asparagus-windmill,between,Mix,visual,mean,2.1333333333333333
bell pepper-windmill,between,Mix,visual,mean,2.1333333333333333
broccoli-windmill,between,Mix,visual,mean,2.066666666666667
carrot-windmill,between,Mix,visual,mean,1.8666666666666667
onion-windmill,between,Mix,visual,mean,1.3333333333333333
dandelion-windmill,between,Mix,visual,mean,1.6666666666666667
palm tree-windmill,between,Mix,visual,mean,2.933333333333333
rose-windmill,between,Mix,visual,mean,2.2666666666666666
sunflower-windmill,between,Mix,visual,mean,2.533333333333333
tulip-windmill,between,Mix,visual,mean,1.8666666666666667
cow-windmill,between,Mix,visual,mean,1.4
donkey-windmill,between,Mix,visual,mean,1.3333333333333333
goat-windmill,between,Mix,visual,mean,1.3333333333333333
horse-windmill,between,Mix,visual,mean,1.2
stag-windmill,between,Mix,visual,mean,2.066666666666667
eagle-windmill,between,Mix,visual,mean,1.8
owl-windmill,between,Mix,visual,mean,1.5333333333333334
parrot-windmill,between,Mix,visual,mean,1.2666666666666666
pigeon-windmill,between,Mix,visual,mean,1.8666666666666667
stork-windmill,between,Mix,visual,mean,1.2666666666666666
axe-windmill,between,Mix,visual,mean,1.6
hammer-windmill,between,Mix,visual,mean,1.2666666666666666
pliers-windmill,between,Mix,visual,mean,2.2666666666666666
saw-windmill,between,Mix,visual,mean,1.6
shovel-windmill,between,Mix,visual,mean,2.1333333333333333
dishwasher-windmill,between,Mix,visual,mean,1.6666666666666667
microwave-windmill,between,Mix,visual,mean,1.3333333333333333
television-windmill,between,Mix,visual,mean,2.0
toaster-windmill,between,Mix,visual,mean,2.1333333333333333
washing machine-windmill,between,Mix,visual,mean,2.466666666666667
blouse-windmill,between,Mix,visual,mean,2.2
coat-windmill,between,Mix,visual,mean,1.7333333333333334
jacket-windmill,between,Mix,visual,mean,1.5333333333333334
shirt-windmill,between,Mix,visual,mean,1.9333333333333333
uniform-windmill,between,Mix,visual,mean,1.6666666666666667
bicycle-bus,within ,Mix,visual,mean,2.3333333333333335
bicycle-car,within ,Mix,visual,mean,1.7333333333333334
bicycle-scooter,within ,Mix,visual,mean,3.6
bicycle-tractor,within ,Mix,visual,mean,3.3333333333333335
ant-bicycle,between,Mix,visual,mean,1.8
bicycle-butterfly,between,Mix,visual,mean,2.066666666666667
bicycle-dragonfly,between,Mix,visual,mean,1.8
bicycle-fly,between,Mix,visual,mean,1.4
bicycle-ladybug,between,Mix,visual,mean,1.4
apple-bicycle,between,Mix,visual,mean,1.8
banana-bicycle,between,Mix,visual,mean,1.8
bicycle-cherry,between,Mix,visual,mean,2.7333333333333334
bicycle-lemon,between,Mix,visual,mean,1.6666666666666667
bicycle-raspberry,between,Mix,visual,mean,1.4666666666666666
asparagus-bicycle,between,Mix,visual,mean,1.3333333333333333
bell pepper-bicycle,between,Mix,visual,mean,1.6
bicycle-broccoli,between,Mix,visual,mean,1.2
bicycle-carrot,between,Mix,visual,mean,1.2666666666666666
bicycle-onion,between,Mix,visual,mean,1.8
bicycle-dandelion,between,Mix,visual,mean,1.2666666666666666
bicycle-palm tree,between,Mix,visual,mean,1.2666666666666666
bicycle-rose,between,Mix,visual,mean,1.3333333333333333
bicycle-sunflower,between,Mix,visual,mean,1.8666666666666667
bicycle-tulip,between,Mix,visual,mean,1.0666666666666667
bicycle-cow,between,Mix,visual,mean,2.1333333333333333
bicycle-donkey,between,Mix,visual,mean,2.2
bicycle-goat,between,Mix,visual,mean,1.9333333333333333
bicycle-horse,between,Mix,visual,mean,2.6
bicycle-stag,between,Mix,visual,mean,2.0
bicycle-eagle,between,Mix,visual,mean,2.0
bicycle-owl,between,Mix,visual,mean,1.4
bicycle-parrot,between,Mix,visual,mean,1.2
bicycle-pigeon,between,Mix,visual,mean,1.5333333333333334
bicycle-stork,between,Mix,visual,mean,1.3333333333333333
axe-bicycle,between,Mix,visual,mean,1.5333333333333334
bicycle-hammer,between,Mix,visual,mean,1.0666666666666667
bicycle-pliers,between,Mix,visual,mean,1.6
bicycle-saw,between,Mix,visual,mean,1.6
bicycle-shovel,between,Mix,visual,mean,1.5333333333333334
bicycle-dishwasher,between,Mix,visual,mean,1.3333333333333333
bicycle-microwave,between,Mix,visual,mean,1.6666666666666667
bicycle-television,between,Mix,visual,mean,1.2666666666666666
bicycle-toaster,between,Mix,visual,mean,1.4666666666666666
bicycle-washing machine,between,Mix,visual,mean,1.4
bicycle-blouse,between,Mix,visual,mean,1.6666666666666667
bicycle-coat,between,Mix,visual,mean,1.4
bicycle-jacket,between,Mix,visual,mean,1.3333333333333333
bicycle-shirt,between,Mix,visual,mean,1.5333333333333334
bicycle-uniform,between,Mix,visual,mean,1.5333333333333334
bus-car,within ,Mix,visual,mean,2.8666666666666667
bus-scooter,within ,Mix,visual,mean,1.7333333333333334
bus-tractor,within ,Mix,visual,mean,2.066666666666667
ant-bus,between,Mix,visual,mean,2.066666666666667
bus-butterfly,between,Mix,visual,mean,1.4666666666666666
bus-dragonfly,between,Mix,visual,mean,1.2
bus-fly,between,Mix,visual,mean,1.2
bus-ladybug,between,Mix,visual,mean,1.4666666666666666
apple-bus,between,Mix,visual,mean,1.3333333333333333
banana-bus,between,Mix,visual,mean,2.066666666666667
bus-cherry,between,Mix,visual,mean,1.2
bus-lemon,between,Mix,visual,mean,1.2666666666666666
bus-raspberry,between,Mix,visual,mean,1.1333333333333333
asparagus-bus,between,Mix,visual,mean,1.8666666666666667
bell pepper-bus,between,Mix,visual,mean,1.2
broccoli-bus,between,Mix,visual,mean,1.2666666666666666
bus-carrot,between,Mix,visual,mean,1.6666666666666667
bus-onion,between,Mix,visual,mean,1.4
bus-dandelion,between,Mix,visual,mean,1.1333333333333333
bus-palm tree,between,Mix,visual,mean,1.2666666666666666
bus-rose,between,Mix,visual,mean,1.6
bus-sunflower,between,Mix,visual,mean,1.4
bus-tulip,between,Mix,visual,mean,1.2
bus-cow,between,Mix,visual,mean,3.1333333333333333
bus-donkey,between,Mix,visual,mean,2.2
bus-goat,between,Mix,visual,mean,2.2
bus-horse,between,Mix,visual,mean,2.1333333333333333
bus-stag,between,Mix,visual,mean,1.3333333333333333
bus-eagle,between,Mix,visual,mean,1.2
bus-owl,between,Mix,visual,mean,1.4666666666666666
bus-parrot,between,Mix,visual,mean,1.4
bus-pigeon,between,Mix,visual,mean,1.2
bus-stork,between,Mix,visual,mean,1.2
axe-bus,between,Mix,visual,mean,1.3333333333333333
bus-hammer,between,Mix,visual,mean,2.1333333333333333
bus-pliers,between,Mix,visual,mean,1.2666666666666666
bus-saw,between,Mix,visual,mean,1.8
bus-shovel,between,Mix,visual,mean,1.8666666666666667
bus-dishwasher,between,Mix,visual,mean,2.066666666666667
bus-microwave,between,Mix,visual,mean,3.3333333333333335
bus-television,between,Mix,visual,mean,2.1333333333333333
bus-toaster,between,Mix,visual,mean,2.066666666666667
bus-washing machine,between,Mix,visual,mean,2.2666666666666666
blouse-bus,between,Mix,visual,mean,1.2
bus-coat,between,Mix,visual,mean,1.2666666666666666
bus-jacket,between,Mix,visual,mean,1.6
bus-shirt,between,Mix,visual,mean,1.7333333333333334
bus-uniform,between,Mix,visual,mean,1.5333333333333334
car-scooter,within ,Mix,visual,mean,1.8
car-tractor,within ,Mix,visual,mean,3.8
ant-car,between,Mix,visual,mean,1.8666666666666667
butterfly-car,between,Mix,visual,mean,1.2
car-dragonfly,between,Mix,visual,mean,1.4666666666666666
car-fly,between,Mix,visual,mean,2.3333333333333335
car-ladybug,between,Mix,visual,mean,1.8666666666666667
apple-car,between,Mix,visual,mean,1.6
banana-car,between,Mix,visual,mean,1.1333333333333333
car-cherry,between,Mix,visual,mean,1.4
car-lemon,between,Mix,visual,mean,2.066666666666667
car-raspberry,between,Mix,visual,mean,1.9333333333333333
asparagus-car,between,Mix,visual,mean,2.066666666666667
bell pepper-car,between,Mix,visual,mean,1.6
broccoli-car,between,Mix,visual,mean,1.6
car-carrot,between,Mix,visual,mean,1.7333333333333334
car-onion,between,Mix,visual,mean,1.3333333333333333
car-dandelion,between,Mix,visual,mean,1.3333333333333333
car-palm tree,between,Mix,visual,mean,1.2
car-rose,between,Mix,visual,mean,1.1333333333333333
car-sunflower,between,Mix,visual,mean,1.7333333333333334
car-tulip,between,Mix,visual,mean,1.4666666666666666
car-cow,between,Mix,visual,mean,2.533333333333333
car-donkey,between,Mix,visual,mean,2.2
car-goat,between,Mix,visual,mean,2.6
car-horse,between,Mix,visual,mean,1.6666666666666667
car-stag,between,Mix,visual,mean,1.6666666666666667
car-eagle,between,Mix,visual,mean,1.4
car-owl,between,Mix,visual,mean,1.8
car-parrot,between,Mix,visual,mean,1.5333333333333334
car-pigeon,between,Mix,visual,mean,1.8
car-stork,between,Mix,visual,mean,1.2
axe-car,between,Mix,visual,mean,1.4666666666666666
car-hammer,between,Mix,visual,mean,1.3333333333333333
car-pliers,between,Mix,visual,mean,1.9333333333333333
car-saw,between,Mix,visual,mean,1.2
car-shovel,between,Mix,visual,mean,1.4
car-dishwasher,between,Mix,visual,mean,1.5333333333333334
car-microwave,between,Mix,visual,mean,1.8
car-television,between,Mix,visual,mean,2.4
car-toaster,between,Mix,visual,mean,2.466666666666667
car-washing machine,between,Mix,visual,mean,2.0
blouse-car,between,Mix,visual,mean,1.6
car-coat,between,Mix,visual,mean,1.2666666666666666
car-jacket,between,Mix,visual,mean,1.6
car-shirt,between,Mix,visual,mean,1.4
car-uniform,between,Mix,visual,mean,1.4666666666666666
scooter-tractor,within ,Mix,visual,mean,2.8666666666666667
ant-scooter,between,Mix,visual,mean,1.4
butterfly-scooter,between,Mix,visual,mean,1.4666666666666666
dragonfly-scooter,between,Mix,visual,mean,2.066666666666667
fly-scooter,between,Mix,visual,mean,1.7333333333333334
ladybug-scooter,between,Mix,visual,mean,1.0666666666666667
apple-scooter,between,Mix,visual,mean,1.5333333333333334
banana-scooter,between,Mix,visual,mean,1.8
cherry-scooter,between,Mix,visual,mean,2.066666666666667
lemon-scooter,between,Mix,visual,mean,1.4666666666666666
raspberry-scooter,between,Mix,visual,mean,1.2666666666666666
asparagus-scooter,between,Mix,visual,mean,1.2
bell pepper-scooter,between,Mix,visual,mean,1.3333333333333333
broccoli-scooter,between,Mix,visual,mean,1.2666666666666666
carrot-scooter,between,Mix,visual,mean,1.6
onion-scooter,between,Mix,visual,mean,1.0
dandelion-scooter,between,Mix,visual,mean,2.6666666666666665
palm tree-scooter,between,Mix,visual,mean,1.6666666666666667
rose-scooter,between,Mix,visual,mean,1.7333333333333334
scooter-sunflower,between,Mix,visual,mean,1.6666666666666667
scooter-tulip,between,Mix,visual,mean,2.3333333333333335
cow-scooter,between,Mix,visual,mean,1.4666666666666666
donkey-scooter,between,Mix,visual,mean,1.8
goat-scooter,between,Mix,visual,mean,2.1333333333333333
horse-scooter,between,Mix,visual,mean,1.8
scooter-stag,between,Mix,visual,mean,2.3333333333333335
eagle-scooter,between,Mix,visual,mean,1.5333333333333334
owl-scooter,between,Mix,visual,mean,1.4
parrot-scooter,between,Mix,visual,mean,1.8666666666666667
pigeon-scooter,between,Mix,visual,mean,1.7333333333333334
scooter-stork,between,Mix,visual,mean,1.8
axe-scooter,between,Mix,visual,mean,1.5333333333333334
hammer-scooter,between,Mix,visual,mean,2.1333333333333333
pliers-scooter,between,Mix,visual,mean,1.6666666666666667
saw-scooter,between,Mix,visual,mean,2.0
scooter-shovel,between,Mix,visual,mean,2.2
dishwasher-scooter,between,Mix,visual,mean,1.2
microwave-scooter,between,Mix,visual,mean,1.2
scooter-television,between,Mix,visual,mean,1.6
scooter-toaster,between,Mix,visual,mean,1.8
scooter-washing machine,between,Mix,visual,mean,1.2
blouse-scooter,between,Mix,visual,mean,1.6
coat-scooter,between,Mix,visual,mean,1.6666666666666667
jacket-scooter,between,Mix,visual,mean,1.0666666666666667
scooter-shirt,between,Mix,visual,mean,1.1333333333333333
scooter-uniform,between,Mix,visual,mean,1.3333333333333333
ant-tractor,between,Mix,visual,mean,1.5333333333333334
butterfly-tractor,between,Mix,visual,mean,1.2666666666666666
dragonfly-tractor,between,Mix,visual,mean,1.8
fly-tractor,between,Mix,visual,mean,1.3333333333333333
ladybug-tractor,between,Mix,visual,mean,2.1333333333333333
apple-tractor,between,Mix,visual,mean,1.7333333333333334
banana-tractor,between,Mix,visual,mean,1.1333333333333333
cherry-tractor,between,Mix,visual,mean,1.2666666666666666
lemon-tractor,between,Mix,visual,mean,1.6666666666666667
raspberry-tractor,between,Mix,visual,mean,1.8666666666666667
asparagus-tractor,between,Mix,visual,mean,1.6
bell pepper-tractor,between,Mix,visual,mean,1.8666666666666667
broccoli-tractor,between,Mix,visual,mean,1.7333333333333334
carrot-tractor,between,Mix,visual,mean,1.8666666666666667
onion-tractor,between,Mix,visual,mean,1.5333333333333334
dandelion-tractor,between,Mix,visual,mean,1.4666666666666666
palm tree-tractor,between,Mix,visual,mean,1.6
rose-tractor,between,Mix,visual,mean,1.2666666666666666
sunflower-tractor,between,Mix,visual,mean,1.2666666666666666
tractor-tulip,between,Mix,visual,mean,1.4
cow-tractor,between,Mix,visual,mean,2.6
donkey-tractor,between,Mix,visual,mean,2.2666666666666666
goat-tractor,between,Mix,visual,mean,2.6
horse-tractor,between,Mix,visual,mean,2.1333333333333333
stag-tractor,between,Mix,visual,mean,1.5333333333333334
eagle-tractor,between,Mix,visual,mean,1.6
owl-tractor,between,Mix,visual,mean,1.8
parrot-tractor,between,Mix,visual,mean,1.5333333333333334
pigeon-tractor,between,Mix,visual,mean,1.6
stork-tractor,between,Mix,visual,mean,1.4
axe-tractor,between,Mix,visual,mean,1.6
hammer-tractor,between,Mix,visual,mean,1.0666666666666667
pliers-tractor,between,Mix,visual,mean,1.4
saw-tractor,between,Mix,visual,mean,1.5333333333333334
shovel-tractor,between,Mix,visual,mean,1.5333333333333334
dishwasher-tractor,between,Mix,visual,mean,2.0
microwave-tractor,between,Mix,visual,mean,1.5333333333333334
television-tractor,between,Mix,visual,mean,1.8666666666666667
toaster-tractor,between,Mix,visual,mean,1.7333333333333334
tractor-washing machine,between,Mix,visual,mean,2.0
blouse-tractor,between,Mix,visual,mean,1.6666666666666667
coat-tractor,between,Mix,visual,mean,1.4
jacket-tractor,between,Mix,visual,mean,1.5333333333333334
shirt-tractor,between,Mix,visual,mean,1.3333333333333333
tractor-uniform,between,Mix,visual,mean,2.066666666666667
ant-butterfly,within ,Mix,visual,mean,2.0
ant-dragonfly,within ,Mix,visual,mean,3.066666666666667
ant-fly,within ,Mix,visual,mean,4.133333333333334
ant-ladybug,within ,Mix,visual,mean,2.8666666666666667
ant-apple,between,Mix,visual,mean,1.3333333333333333
ant-banana,between,Mix,visual,mean,1.3333333333333333
ant-cherry,between,Mix,visual,mean,1.9333333333333333
ant-lemon,between,Mix,visual,mean,2.466666666666667
ant-raspberry,between,Mix,visual,mean,1.6
ant-asparagus,between,Mix,visual,mean,1.4
ant-bell pepper,between,Mix,visual,mean,1.8
ant-broccoli,between,Mix,visual,mean,1.3333333333333333
ant-carrot,between,Mix,visual,mean,2.066666666666667
ant-onion,between,Mix,visual,mean,1.0666666666666667
ant-dandelion,between,Mix,visual,mean,1.6
ant-palm tree,between,Mix,visual,mean,1.4
ant-rose,between,Mix,visual,mean,1.9333333333333333
ant-sunflower,between,Mix,visual,mean,1.7333333333333334
ant-tulip,between,Mix,visual,mean,1.3333333333333333
ant-cow,between,Mix,visual,mean,2.6
ant-donkey,between,Mix,visual,mean,2.3333333333333335
ant-goat,between,Mix,visual,mean,3.4
ant-horse,between,Mix,visual,mean,2.066666666666667
ant-stag,between,Mix,visual,mean,2.533333333333333
ant-eagle,between,Mix,visual,mean,2.2
ant-owl,between,Mix,visual,mean,1.9333333333333333
ant-parrot,between,Mix,visual,mean,2.066666666666667
ant-pigeon,between,Mix,visual,mean,2.3333333333333335
ant-stork,between,Mix,visual,mean,3.2666666666666666
ant-axe,between,Mix,visual,mean,1.6
ant-hammer,between,Mix,visual,mean,1.0666666666666667
ant-pliers,between,Mix,visual,mean,1.4666666666666666
ant-saw,between,Mix,visual,mean,1.3333333333333333
ant-shovel,between,Mix,visual,mean,1.5333333333333334
ant-dishwasher,between,Mix,visual,mean,1.0666666666666667
ant-microwave,between,Mix,visual,mean,1.3333333333333333
ant-television,between,Mix,visual,mean,1.2666666666666666
ant-toaster,between,Mix,visual,mean,1.4
ant-washing machine,between,Mix,visual,mean,1.4
ant-blouse,between,Mix,visual,mean,1.6
ant-coat,between,Mix,visual,mean,1.2666666666666666
ant-jacket,between,Mix,visual,mean,1.2666666666666666
ant-shirt,between,Mix,visual,mean,1.5333333333333334
ant-uniform,between,Mix,visual,mean,1.1333333333333333
butterfly-dragonfly,within ,Mix,visual,mean,3.0
butterfly-fly,within ,Mix,visual,mean,3.3333333333333335
butterfly-ladybug,within ,Mix,visual,mean,2.533333333333333
apple-butterfly,between,Mix,visual,mean,2.0
banana-butterfly,between,Mix,visual,mean,1.2
butterfly-cherry,between,Mix,visual,mean,2.2
butterfly-lemon,between,Mix,visual,mean,2.066666666666667
butterfly-raspberry,between,Mix,visual,mean,1.5333333333333334
asparagus-butterfly,between,Mix,visual,mean,1.4
bell pepper-butterfly,between,Mix,visual,mean,2.1333333333333333
broccoli-butterfly,between,Mix,visual,mean,1.9333333333333333
butterfly-carrot,between,Mix,visual,mean,1.8666666666666667
butterfly-onion,between,Mix,visual,mean,1.7333333333333334
butterfly-dandelion,between,Mix,visual,mean,1.4666666666666666
butterfly-palm tree,between,Mix,visual,mean,2.066666666666667
butterfly-rose,between,Mix,visual,mean,2.4
butterfly-sunflower,between,Mix,visual,mean,2.066666666666667
butterfly-tulip,between,Mix,visual,mean,1.2666666666666666
butterfly-cow,between,Mix,visual,mean,1.4666666666666666
butterfly-donkey,between,Mix,visual,mean,2.0
butterfly-goat,between,Mix,visual,mean,1.8666666666666667
butterfly-horse,between,Mix,visual,mean,1.4666666666666666
butterfly-stag,between,Mix,visual,mean,1.8
butterfly-eagle,between,Mix,visual,mean,2.466666666666667
butterfly-owl,between,Mix,visual,mean,2.1333333333333333
butterfly-parrot,between,Mix,visual,mean,1.4666666666666666
butterfly-pigeon,between,Mix,visual,mean,2.0
butterfly-stork,between,Mix,visual,mean,2.066666666666667
axe-butterfly,between,Mix,visual,mean,1.2
butterfly-hammer,between,Mix,visual,mean,1.0
butterfly-pliers,between,Mix,visual,mean,1.5333333333333334
butterfly-saw,between,Mix,visual,mean,1.3333333333333333
butterfly-shovel,between,Mix,visual,mean,1.2
butterfly-dishwasher,between,Mix,visual,mean,1.1333333333333333
butterfly-microwave,between,Mix,visual,mean,1.1333333333333333
butterfly-television,between,Mix,visual,mean,2.066666666666667
butterfly-toaster,between,Mix,visual,mean,1.4666666666666666
butterfly-washing machine,between,Mix,visual,mean,1.6
blouse-butterfly,between,Mix,visual,mean,2.533333333333333
butterfly-coat,between,Mix,visual,mean,1.8
butterfly-jacket,between,Mix,visual,mean,1.8
butterfly-shirt,between,Mix,visual,mean,2.1333333333333333
butterfly-uniform,between,Mix,visual,mean,1.1333333333333333
dragonfly-fly,within ,Mix,visual,mean,2.6
dragonfly-ladybug,within ,Mix,visual,mean,2.8666666666666667
apple-dragonfly,between,Mix,visual,mean,1.4
banana-dragonfly,between,Mix,visual,mean,2.066666666666667
cherry-dragonfly,between,Mix,visual,mean,1.4666666666666666
dragonfly-lemon,between,Mix,visual,mean,1.3333333333333333
dragonfly-raspberry,between,Mix,visual,mean,1.8
asparagus-dragonfly,between,Mix,visual,mean,2.2666666666666666
bell pepper-dragonfly,between,Mix,visual,mean,1.4666666666666666
broccoli-dragonfly,between,Mix,visual,mean,1.8666666666666667
carrot-dragonfly,between,Mix,visual,mean,3.2666666666666666
dragonfly-onion,between,Mix,visual,mean,2.1333333333333333
dandelion-dragonfly,between,Mix,visual,mean,2.8
dragonfly-palm tree,between,Mix,visual,mean,2.466666666666667
dragonfly-rose,between,Mix,visual,mean,2.466666666666667
dragonfly-sunflower,between,Mix,visual,mean,2.4
dragonfly-tulip,between,Mix,visual,mean,2.7333333333333334
cow-dragonfly,between,Mix,visual,mean,1.4
donkey-dragonfly,between,Mix,visual,mean,1.7333333333333334
dragonfly-goat,between,Mix,visual,mean,2.066666666666667
dragonfly-horse,between,Mix,visual,mean,1.5333333333333334
dragonfly-stag,between,Mix,visual,mean,1.4
dragonfly-eagle,between,Mix,visual,mean,2.2
dragonfly-owl,between,Mix,visual,mean,2.0
dragonfly-parrot,between,Mix,visual,mean,2.2
dragonfly-pigeon,between,Mix,visual,mean,2.0
dragonfly-stork,between,Mix,visual,mean,2.2
axe-dragonfly,between,Mix,visual,mean,2.6
dragonfly-hammer,between,Mix,visual,mean,2.933333333333333
dragonfly-pliers,between,Mix,visual,mean,2.466666666666667
dragonfly-saw,between,Mix,visual,mean,2.466666666666667
dragonfly-shovel,between,Mix,visual,mean,3.2
dishwasher-dragonfly,between,Mix,visual,mean,1.1333333333333333
dragonfly-microwave,between,Mix,visual,mean,1.3333333333333333
dragonfly-television,between,Mix,visual,mean,1.0
dragonfly-toaster,between,Mix,visual,mean,1.4666666666666666
dragonfly-washing machine,between,Mix,visual,mean,1.2666666666666666
blouse-dragonfly,between,Mix,visual,mean,1.4
coat-dragonfly,between,Mix,visual,mean,1.6
dragonfly-jacket,between,Mix,visual,mean,1.6
dragonfly-shirt,between,Mix,visual,mean,1.0666666666666667
dragonfly-uniform,between,Mix,visual,mean,1.2666666666666666
fly-ladybug,within ,Mix,visual,mean,3.0
apple-fly,between,Mix,visual,mean,1.5333333333333334
banana-fly,between,Mix,visual,mean,1.4
cherry-fly,between,Mix,visual,mean,1.2
fly-lemon,between,Mix,visual,mean,1.7333333333333334
fly-raspberry,between,Mix,visual,mean,1.9333333333333333
asparagus-fly,between,Mix,visual,mean,1.8
bell pepper-fly,between,Mix,visual,mean,1.4
broccoli-fly,between,Mix,visual,mean,1.4
carrot-fly,between,Mix,visual,mean,2.2
fly-onion,between,Mix,visual,mean,1.4666666666666666
dandelion-fly,between,Mix,visual,mean,1.9333333333333333
fly-palm tree,between,Mix,visual,mean,1.0666666666666667
fly-rose,between,Mix,visual,mean,1.5333333333333334
fly-sunflower,between,Mix,visual,mean,1.9333333333333333
fly-tulip,between,Mix,visual,mean,2.0
cow-fly,between,Mix,visual,mean,1.8666666666666667
donkey-fly,between,Mix,visual,mean,2.066666666666667
fly-goat,between,Mix,visual,mean,2.3333333333333335
fly-horse,between,Mix,visual,mean,2.0
fly-stag,between,Mix,visual,mean,1.8
eagle-fly,between,Mix,visual,mean,1.8666666666666667
fly-owl,between,Mix,visual,mean,2.066666666666667
fly-parrot,between,Mix,visual,mean,2.2666666666666666
fly-pigeon,between,Mix,visual,mean,1.9333333333333333
fly-stork,between,Mix,visual,mean,1.8
axe-fly,between,Mix,visual,mean,1.4666666666666666
fly-hammer,between,Mix,visual,mean,1.4666666666666666
fly-pliers,between,Mix,visual,mean,1.6666666666666667
fly-saw,between,Mix,visual,mean,1.4
fly-shovel,between,Mix,visual,mean,1.2666666666666666
dishwasher-fly,between,Mix,visual,mean,1.2
fly-microwave,between,Mix,visual,mean,1.0666666666666667
fly-television,between,Mix,visual,mean,1.3333333333333333
fly-toaster,between,Mix,visual,mean,1.7333333333333334
fly-washing machine,between,Mix,visual,mean,1.4666666666666666
blouse-fly,between,Mix,visual,mean,1.5333333333333334
coat-fly,between,Mix,visual,mean,1.2
fly-jacket,between,Mix,visual,mean,1.2666666666666666
fly-shirt,between,Mix,visual,mean,1.6
fly-uniform,between,Mix,visual,mean,1.1333333333333333
apple-ladybug,between,Mix,visual,mean,4.2
banana-ladybug,between,Mix,visual,mean,1.4
cherry-ladybug,between,Mix,visual,mean,2.1333333333333333
ladybug-lemon,between,Mix,visual,mean,4.733333333333333
ladybug-raspberry,between,Mix,visual,mean,3.8666666666666667
asparagus-ladybug,between,Mix,visual,mean,1.6666666666666667
bell pepper-ladybug,between,Mix,visual,mean,2.8
broccoli-ladybug,between,Mix,visual,mean,2.466666666666667
carrot-ladybug,between,Mix,visual,mean,1.4666666666666666
ladybug-onion,between,Mix,visual,mean,3.3333333333333335
dandelion-ladybug,between,Mix,visual,mean,1.4666666666666666
ladybug-palm tree,between,Mix,visual,mean,1.5333333333333334
ladybug-rose,between,Mix,visual,mean,1.7333333333333334
ladybug-sunflower,between,Mix,visual,mean,1.4666666666666666
ladybug-tulip,between,Mix,visual,mean,1.6666666666666667
cow-ladybug,between,Mix,visual,mean,1.5333333333333334
donkey-ladybug,between,Mix,visual,mean,1.8666666666666667
goat-ladybug,between,Mix,visual,mean,2.0
horse-ladybug,between,Mix,visual,mean,1.8
ladybug-stag,between,Mix,visual,mean,2.0
eagle-ladybug,between,Mix,visual,mean,2.2
ladybug-owl,between,Mix,visual,mean,2.1333333333333333
ladybug-parrot,between,Mix,visual,mean,2.0
ladybug-pigeon,between,Mix,visual,mean,2.2666666666666666
ladybug-stork,between,Mix,visual,mean,2.0
axe-ladybug,between,Mix,visual,mean,1.6
hammer-ladybug,between,Mix,visual,mean,1.0666666666666667
ladybug-pliers,between,Mix,visual,mean,1.8666666666666667
ladybug-saw,between,Mix,visual,mean,1.7333333333333334
ladybug-shovel,between,Mix,visual,mean,1.2666666666666666
dishwasher-ladybug,between,Mix,visual,mean,1.4666666666666666
ladybug-microwave,between,Mix,visual,mean,1.5333333333333334
ladybug-television,between,Mix,visual,mean,1.2666666666666666
ladybug-toaster,between,Mix,visual,mean,1.4666666666666666
ladybug-washing machine,between,Mix,visual,mean,1.2666666666666666
blouse-ladybug,between,Mix,visual,mean,1.8
coat-ladybug,between,Mix,visual,mean,1.3333333333333333
jacket-ladybug,between,Mix,visual,mean,1.4
ladybug-shirt,between,Mix,visual,mean,1.9333333333333333
ladybug-uniform,between,Mix,visual,mean,1.5333333333333334
apple-banana,within ,Mix,visual,mean,1.6
apple-cherry,within ,Mix,visual,mean,2.8
apple-lemon,within ,Mix,visual,mean,4.133333333333334
apple-raspberry,within ,Mix,visual,mean,4.333333333333333
apple-asparagus,between,Mix,visual,mean,1.1333333333333333
apple-bell pepper,between,Mix,visual,mean,4.066666666666666
apple-broccoli,between,Mix,visual,mean,3.2
apple-carrot,between,Mix,visual,mean,2.2666666666666666
apple-onion,between,Mix,visual,mean,4.066666666666666
apple-dandelion,between,Mix,visual,mean,1.7333333333333334
apple-palm tree,between,Mix,visual,mean,1.2666666666666666
apple-rose,between,Mix,visual,mean,1.8
apple-sunflower,between,Mix,visual,mean,2.1333333333333333
apple-tulip,between,Mix,visual,mean,2.066666666666667
apple-cow,between,Mix,visual,mean,1.4666666666666666
apple-donkey,between,Mix,visual,mean,1.4
apple-goat,between,Mix,visual,mean,1.4666666666666666
apple-horse,between,Mix,visual,mean,1.4666666666666666
apple-stag,between,Mix,visual,mean,1.6666666666666667
apple-eagle,between,Mix,visual,mean,1.9333333333333333
apple-owl,between,Mix,visual,mean,1.8
apple-parrot,between,Mix,visual,mean,1.7333333333333334
apple-pigeon,between,Mix,visual,mean,1.8
apple-stork,between,Mix,visual,mean,1.2666666666666666
apple-axe,between,Mix,visual,mean,1.6
apple-hammer,between,Mix,visual,mean,1.6
apple-pliers,between,Mix,visual,mean,1.4
apple-saw,between,Mix,visual,mean,1.2
apple-shovel,between,Mix,visual,mean,1.2
apple-dishwasher,between,Mix,visual,mean,1.4
apple-microwave,between,Mix,visual,mean,1.6
apple-television,between,Mix,visual,mean,1.6
apple-toaster,between,Mix,visual,mean,1.7333333333333334
apple-washing machine,between,Mix,visual,mean,1.2666666666666666
apple-blouse,between,Mix,visual,mean,2.4
apple-coat,between,Mix,visual,mean,1.6
apple-jacket,between,Mix,visual,mean,1.7333333333333334
apple-shirt,between,Mix,visual,mean,1.6666666666666667
apple-uniform,between,Mix,visual,mean,1.2666666666666666
banana-cherry,within ,Mix,visual,mean,1.6666666666666667
banana-lemon,within ,Mix,visual,mean,2.466666666666667
banana-raspberry,within ,Mix,visual,mean,1.8666666666666667
asparagus-banana,between,Mix,visual,mean,3.066666666666667
banana-bell pepper,between,Mix,visual,mean,1.9333333333333333
banana-broccoli,between,Mix,visual,mean,1.9333333333333333
banana-carrot,between,Mix,visual,mean,3.7333333333333334
banana-onion,between,Mix,visual,mean,1.6
banana-dandelion,between,Mix,visual,mean,2.6
banana-palm tree,between,Mix,visual,mean,2.466666666666667
banana-rose,between,Mix,visual,mean,1.8666666666666667
banana-sunflower,between,Mix,visual,mean,2.0
banana-tulip,between,Mix,visual,mean,2.8666666666666667
banana-cow,between,Mix,visual,mean,1.6666666666666667
banana-donkey,between,Mix,visual,mean,1.4666666666666666
banana-goat,between,Mix,visual,mean,1.5333333333333334
banana-horse,between,Mix,visual,mean,1.8
banana-stag,between,Mix,visual,mean,1.6
banana-eagle,between,Mix,visual,mean,1.8
banana-owl,between,Mix,visual,mean,2.2666666666666666
banana-parrot,between,Mix,visual,mean,2.7333333333333334
banana-pigeon,between,Mix,visual,mean,2.3333333333333335
banana-stork,between,Mix,visual,mean,1.6666666666666667
axe-banana,between,Mix,visual,mean,3.1333333333333333
banana-hammer,between,Mix,visual,mean,2.8666666666666667
banana-pliers,between,Mix,visual,mean,3.2
banana-saw,between,Mix,visual,mean,4.066666666666666
banana-shovel,between,Mix,visual,mean,2.8
banana-dishwasher,between,Mix,visual,mean,1.2
banana-microwave,between,Mix,visual,mean,1.0666666666666667
banana-television,between,Mix,visual,mean,1.2666666666666666
banana-toaster,between,Mix,visual,mean,1.3333333333333333
banana-washing machine,between,Mix,visual,mean,1.2666666666666666
banana-blouse,between,Mix,visual,mean,1.6
banana-coat,between,Mix,visual,mean,1.8
banana-jacket,between,Mix,visual,mean,1.0666666666666667
banana-shirt,between,Mix,visual,mean,1.4
banana-uniform,between,Mix,visual,mean,1.1333333333333333
cherry-lemon,within ,Mix,visual,mean,2.533333333333333
cherry-raspberry,within ,Mix,visual,mean,2.3333333333333335
asparagus-cherry,between,Mix,visual,mean,1.3333333333333333
bell pepper-cherry,between,Mix,visual,mean,2.2
broccoli-cherry,between,Mix,visual,mean,2.1333333333333333
carrot-cherry,between,Mix,visual,mean,1.0666666666666667
cherry-onion,between,Mix,visual,mean,2.7333333333333334
cherry-dandelion,between,Mix,visual,mean,2.2
cherry-palm tree,between,Mix,visual,mean,1.4666666666666666
cherry-rose,between,Mix,visual,mean,1.8666666666666667
cherry-sunflower,between,Mix,visual,mean,1.6666666666666667
cherry-tulip,between,Mix,visual,mean,2.2
cherry-cow,between,Mix,visual,mean,1.0
cherry-donkey,between,Mix,visual,mean,1.0666666666666667
cherry-goat,between,Mix,visual,mean,1.5333333333333334
cherry-horse,between,Mix,visual,mean,1.6
cherry-stag,between,Mix,visual,mean,1.8666666666666667
cherry-eagle,between,Mix,visual,mean,1.2666666666666666
cherry-owl,between,Mix,visual,mean,1.7333333333333334
cherry-parrot,between,Mix,visual,mean,1.8
cherry-pigeon,between,Mix,visual,mean,1.4666666666666666
cherry-stork,between,Mix,visual,mean,1.4666666666666666
axe-cherry,between,Mix,visual,mean,1.6
cherry-hammer,between,Mix,visual,mean,1.2666666666666666
cherry-pliers,between,Mix,visual,mean,1.4666666666666666
cherry-saw,between,Mix,visual,mean,1.1333333333333333
cherry-shovel,between,Mix,visual,mean,1.6
cherry-dishwasher,between,Mix,visual,mean,1.1333333333333333
cherry-microwave,between,Mix,visual,mean,1.0666666666666667
cherry-television,between,Mix,visual,mean,1.1333333333333333
cherry-toaster,between,Mix,visual,mean,1.2
cherry-washing machine,between,Mix,visual,mean,1.2
blouse-cherry,between,Mix,visual,mean,1.2
cherry-coat,between,Mix,visual,mean,1.0666666666666667
cherry-jacket,between,Mix,visual,mean,1.2666666666666666
cherry-shirt,between,Mix,visual,mean,1.5333333333333334
cherry-uniform,between,Mix,visual,mean,1.4
lemon-raspberry,within ,Mix,visual,mean,3.8
asparagus-lemon,between,Mix,visual,mean,2.1333333333333333
bell pepper-lemon,between,Mix,visual,mean,3.8666666666666667
broccoli-lemon,between,Mix,visual,mean,2.2666666666666666
carrot-lemon,between,Mix,visual,mean,2.2
lemon-onion,between,Mix,visual,mean,3.6666666666666665
dandelion-lemon,between,Mix,visual,mean,1.6666666666666667
lemon-palm tree,between,Mix,visual,mean,1.4
lemon-rose,between,Mix,visual,mean,1.6666666666666667
lemon-sunflower,between,Mix,visual,mean,2.3333333333333335
lemon-tulip,between,Mix,visual,mean,1.8666666666666667
cow-lemon,between,Mix,visual,mean,1.6666666666666667
donkey-lemon,between,Mix,visual,mean,1.2
goat-lemon,between,Mix,visual,mean,1.5333333333333334
horse-lemon,between,Mix,visual,mean,1.3333333333333333
lemon-stag,between,Mix,visual,mean,1.6
eagle-lemon,between,Mix,visual,mean,2.066666666666667
lemon-owl,between,Mix,visual,mean,2.2666666666666666
lemon-parrot,between,Mix,visual,mean,1.8
lemon-pigeon,between,Mix,visual,mean,2.066666666666667
lemon-stork,between,Mix,visual,mean,1.4666666666666666
axe-lemon,between,Mix,visual,mean,1.5333333333333334
hammer-lemon,between,Mix,visual,mean,1.3333333333333333
lemon-pliers,between,Mix,visual,mean,1.6666666666666667
lemon-saw,between,Mix,visual,mean,1.8666666666666667
lemon-shovel,between,Mix,visual,mean,1.0666666666666667
dishwasher-lemon,between,Mix,visual,mean,1.6
lemon-microwave,between,Mix,visual,mean,1.8666666666666667
lemon-television,between,Mix,visual,mean,1.6666666666666667
lemon-toaster,between,Mix,visual,mean,1.8666666666666667
lemon-washing machine,between,Mix,visual,mean,1.4
blouse-lemon,between,Mix,visual,mean,1.8666666666666667
coat-lemon,between,Mix,visual,mean,1.7333333333333334
jacket-lemon,between,Mix,visual,mean,1.6
lemon-shirt,between,Mix,visual,mean,1.5333333333333334
lemon-uniform,between,Mix,visual,mean,1.2
asparagus-raspberry,between,Mix,visual,mean,2.4
bell pepper-raspberry,between,Mix,visual,mean,4.466666666666667
broccoli-raspberry,between,Mix,visual,mean,2.8
carrot-raspberry,between,Mix,visual,mean,1.6
onion-raspberry,between,Mix,visual,mean,3.4
dandelion-raspberry,between,Mix,visual,mean,1.8
palm tree-raspberry,between,Mix,visual,mean,1.2666666666666666
raspberry-rose,between,Mix,visual,mean,1.7333333333333334
raspberry-sunflower,between,Mix,visual,mean,2.1333333333333333
raspberry-tulip,between,Mix,visual,mean,1.8666666666666667
cow-raspberry,between,Mix,visual,mean,1.6
donkey-raspberry,between,Mix,visual,mean,1.0666666666666667
goat-raspberry,between,Mix,visual,mean,1.6666666666666667
horse-raspberry,between,Mix,visual,mean,1.4
raspberry-stag,between,Mix,visual,mean,1.3333333333333333
eagle-raspberry,between,Mix,visual,mean,1.6
owl-raspberry,between,Mix,visual,mean,1.9333333333333333
parrot-raspberry,between,Mix,visual,mean,1.9333333333333333
pigeon-raspberry,between,Mix,visual,mean,1.8
raspberry-stork,between,Mix,visual,mean,1.3333333333333333
axe-raspberry,between,Mix,visual,mean,1.4666666666666666
hammer-raspberry,between,Mix,visual,mean,1.4666666666666666
pliers-raspberry,between,Mix,visual,mean,1.6
raspberry-saw,between,Mix,visual,mean,1.3333333333333333
raspberry-shovel,between,Mix,visual,mean,1.1333333333333333
dishwasher-raspberry,between,Mix,visual,mean,1.5333333333333334
microwave-raspberry,between,Mix,visual,mean,1.4666666666666666
raspberry-television,between,Mix,visual,mean,2.0
raspberry-toaster,between,Mix,visual,mean,1.8666666666666667
raspberry-washing machine,between,Mix,visual,mean,1.6
blouse-raspberry,between,Mix,visual,mean,1.8666666666666667
coat-raspberry,between,Mix,visual,mean,1.1333333333333333
jacket-raspberry,between,Mix,visual,mean,1.6666666666666667
raspberry-shirt,between,Mix,visual,mean,1.4666666666666666
raspberry-uniform,between,Mix,visual,mean,1.5333333333333334
asparagus-bell pepper,within ,Mix,visual,mean,1.8
asparagus-broccoli,within ,Mix,visual,mean,2.8
asparagus-carrot,within ,Mix,visual,mean,3.6666666666666665
asparagus-onion,within ,Mix,visual,mean,2.1333333333333333
asparagus-dandelion,between,Mix,visual,mean,2.1333333333333333
asparagus-palm tree,between,Mix,visual,mean,2.066666666666667
asparagus-rose,between,Mix,visual,mean,2.2
asparagus-sunflower,between,Mix,visual,mean,2.3333333333333335
asparagus-tulip,between,Mix,visual,mean,2.3333333333333335
asparagus-cow,between,Mix,visual,mean,1.4
asparagus-donkey,between,Mix,visual,mean,1.6
asparagus-goat,between,Mix,visual,mean,1.4666666666666666
asparagus-horse,between,Mix,visual,mean,1.6
asparagus-stag,between,Mix,visual,mean,1.8666666666666667
asparagus-eagle,between,Mix,visual,mean,1.9333333333333333
asparagus-owl,between,Mix,visual,mean,1.9333333333333333
asparagus-parrot,between,Mix,visual,mean,2.533333333333333
asparagus-pigeon,between,Mix,visual,mean,2.066666666666667
asparagus-stork,between,Mix,visual,mean,1.8
asparagus-axe,between,Mix,visual,mean,3.2666666666666666
asparagus-hammer,between,Mix,visual,mean,2.4
asparagus-pliers,between,Mix,visual,mean,3.6
asparagus-saw,between,Mix,visual,mean,3.7333333333333334
asparagus-shovel,between,Mix,visual,mean,2.8666666666666667
asparagus-dishwasher,between,Mix,visual,mean,1.8666666666666667
asparagus-microwave,between,Mix,visual,mean,1.8666666666666667
asparagus-television,between,Mix,visual,mean,1.4
asparagus-toaster,between,Mix,visual,mean,1.3333333333333333
asparagus-washing machine,between,Mix,visual,mean,1.2
asparagus-blouse,between,Mix,visual,mean,1.7333333333333334
asparagus-coat,between,Mix,visual,mean,2.2
asparagus-jacket,between,Mix,visual,mean,1.3333333333333333
asparagus-shirt,between,Mix,visual,mean,1.4666666666666666
asparagus-uniform,between,Mix,visual,mean,1.6
bell pepper-broccoli,within ,Mix,visual,mean,2.8666666666666667
bell pepper-carrot,within ,Mix,visual,mean,1.6
bell pepper-onion,within ,Mix,visual,mean,3.6
bell pepper-dandelion,between,Mix,visual,mean,1.6666666666666667
bell pepper-palm tree,between,Mix,visual,mean,1.6666666666666667
bell pepper-rose,between,Mix,visual,mean,1.6666666666666667
bell pepper-sunflower,between,Mix,visual,mean,2.2
bell pepper-tulip,between,Mix,visual,mean,2.7333333333333334
bell pepper-cow,between,Mix,visual,mean,1.8666666666666667
bell pepper-donkey,between,Mix,visual,mean,1.3333333333333333
bell pepper-goat,between,Mix,visual,mean,1.4
bell pepper-horse,between,Mix,visual,mean,1.5333333333333334
bell pepper-stag,between,Mix,visual,mean,1.4
bell pepper-eagle,between,Mix,visual,mean,1.7333333333333334
bell pepper-owl,between,Mix,visual,mean,2.0
bell pepper-parrot,between,Mix,visual,mean,1.8
bell pepper-pigeon,between,Mix,visual,mean,1.4666666666666666
bell pepper-stork,between,Mix,visual,mean,1.2666666666666666
axe-bell pepper,between,Mix,visual,mean,1.7333333333333334
bell pepper-hammer,between,Mix,visual,mean,1.3333333333333333
bell pepper-pliers,between,Mix,visual,mean,1.6666666666666667
bell pepper-saw,between,Mix,visual,mean,1.5333333333333334
bell pepper-shovel,between,Mix,visual,mean,1.4
bell pepper-dishwasher,between,Mix,visual,mean,1.8
bell pepper-microwave,between,Mix,visual,mean,1.6
bell pepper-television,between,Mix,visual,mean,2.1333333333333333
bell pepper-toaster,between,Mix,visual,mean,1.6
bell pepper-washing machine,between,Mix,visual,mean,2.066666666666667
bell pepper-blouse,between,Mix,visual,mean,1.6666666666666667
bell pepper-coat,between,Mix,visual,mean,1.6
bell pepper-jacket,between,Mix,visual,mean,2.0
bell pepper-shirt,between,Mix,visual,mean,2.2
bell pepper-uniform,between,Mix,visual,mean,1.7333333333333334
broccoli-carrot,within ,Mix,visual,mean,2.2
broccoli-onion,within ,Mix,visual,mean,2.7333333333333334
broccoli-dandelion,between,Mix,visual,mean,2.466666666666667
broccoli-palm tree,between,Mix,visual,mean,3.6666666666666665
broccoli-rose,between,Mix,visual,mean,3.1333333333333333
broccoli-sunflower,between,Mix,visual,mean,3.4
broccoli-tulip,between,Mix,visual,mean,2.3333333333333335
broccoli-cow,between,Mix,visual,mean,1.6
broccoli-donkey,between,Mix,visual,mean,1.2666666666666666
broccoli-goat,between,Mix,visual,mean,1.6
broccoli-horse,between,Mix,visual,mean,1.3333333333333333
broccoli-stag,between,Mix,visual,mean,1.8666666666666667
broccoli-eagle,between,Mix,visual,mean,1.8666666666666667
broccoli-owl,between,Mix,visual,mean,1.7333333333333334
broccoli-parrot,between,Mix,visual,mean,1.6666666666666667
broccoli-pigeon,between,Mix,visual,mean,1.9333333333333333
broccoli-stork,between,Mix,visual,mean,1.5333333333333334
axe-broccoli,between,Mix,visual,mean,1.1333333333333333
broccoli-hammer,between,Mix,visual,mean,1.7333333333333334
broccoli-pliers,between,Mix,visual,mean,1.8
broccoli-saw,between,Mix,visual,mean,1.7333333333333334
broccoli-shovel,between,Mix,visual,mean,1.6666666666666667
broccoli-dishwasher,between,Mix,visual,mean,1.9333333333333333
broccoli-microwave,between,Mix,visual,mean,1.5333333333333334
broccoli-television,between,Mix,visual,mean,1.4
broccoli-toaster,between,Mix,visual,mean,1.2
broccoli-washing machine,between,Mix,visual,mean,1.8666666666666667
blouse-broccoli,between,Mix,visual,mean,2.066666666666667
broccoli-coat,between,Mix,visual,mean,1.6666666666666667
broccoli-jacket,between,Mix,visual,mean,1.7333333333333334
broccoli-shirt,between,Mix,visual,mean,2.066666666666667
broccoli-uniform,between,Mix,visual,mean,2.4
carrot-onion,within ,Mix,visual,mean,1.5333333333333334
carrot-dandelion,between,Mix,visual,mean,2.6
carrot-palm tree,between,Mix,visual,mean,2.6
carrot-rose,between,Mix,visual,mean,2.2666666666666666
carrot-sunflower,between,Mix,visual,mean,2.6
carrot-tulip,between,Mix,visual,mean,3.2666666666666666
carrot-cow,between,Mix,visual,mean,1.6
carrot-donkey,between,Mix,visual,mean,1.9333333333333333
carrot-goat,between,Mix,visual,mean,1.8666666666666667
carrot-horse,between,Mix,visual,mean,1.6
carrot-stag,between,Mix,visual,mean,1.1333333333333333
carrot-eagle,between,Mix,visual,mean,1.9333333333333333
carrot-owl,between,Mix,visual,mean,1.8
carrot-parrot,between,Mix,visual,mean,2.7333333333333334
carrot-pigeon,between,Mix,visual,mean,1.7333333333333334
carrot-stork,between,Mix,visual,mean,1.8666666666666667
axe-carrot,between,Mix,visual,mean,3.2
carrot-hammer,between,Mix,visual,mean,3.2666666666666666
carrot-pliers,between,Mix,visual,mean,2.7333333333333334
carrot-saw,between,Mix,visual,mean,3.533333333333333
carrot-shovel,between,Mix,visual,mean,3.933333333333333
carrot-dishwasher,between,Mix,visual,mean,1.1333333333333333
carrot-microwave,between,Mix,visual,mean,1.6666666666666667
carrot-television,between,Mix,visual,mean,1.2
carrot-toaster,between,Mix,visual,mean,1.2
carrot-washing machine,between,Mix,visual,mean,1.2
blouse-carrot,between,Mix,visual,mean,1.2
carrot-coat,between,Mix,visual,mean,1.7333333333333334
carrot-jacket,between,Mix,visual,mean,1.5333333333333334
carrot-shirt,between,Mix,visual,mean,1.2666666666666666
carrot-uniform,between,Mix,visual,mean,1.4666666666666666
dandelion-onion,between,Mix,visual,mean,1.6666666666666667
onion-palm tree,between,Mix,visual,mean,1.9333333333333333
onion-rose,between,Mix,visual,mean,1.9333333333333333
onion-sunflower,between,Mix,visual,mean,2.2666666666666666
onion-tulip,between,Mix,visual,mean,1.9333333333333333
cow-onion,between,Mix,visual,mean,1.8
donkey-onion,between,Mix,visual,mean,1.4
goat-onion,between,Mix,visual,mean,1.6666666666666667
horse-onion,between,Mix,visual,mean,1.2
onion-stag,between,Mix,visual,mean,1.4666666666666666
eagle-onion,between,Mix,visual,mean,2.2
onion-owl,between,Mix,visual,mean,2.2
onion-parrot,between,Mix,visual,mean,1.6666666666666667
onion-pigeon,between,Mix,visual,mean,2.1333333333333333
onion-stork,between,Mix,visual,mean,1.4666666666666666
axe-onion,between,Mix,visual,mean,1.4
hammer-onion,between,Mix,visual,mean,1.2666666666666666
onion-pliers,between,Mix,visual,mean,1.6666666666666667
onion-saw,between,Mix,visual,mean,1.2
onion-shovel,between,Mix,visual,mean,1.6
dishwasher-onion,between,Mix,visual,mean,1.6
microwave-onion,between,Mix,visual,mean,1.6666666666666667
onion-television,between,Mix,visual,mean,2.2
onion-toaster,between,Mix,visual,mean,1.6
onion-washing machine,between,Mix,visual,mean,1.8666666666666667
blouse-onion,between,Mix,visual,mean,1.7333333333333334
coat-onion,between,Mix,visual,mean,1.8
jacket-onion,between,Mix,visual,mean,1.5333333333333334
onion-shirt,between,Mix,visual,mean,1.8
onion-uniform,between,Mix,visual,mean,1.3333333333333333
dandelion-palm tree,within ,Mix,visual,mean,3.533333333333333
dandelion-rose,within ,Mix,visual,mean,4.266666666666667
dandelion-sunflower,within ,Mix,visual,mean,4.266666666666667
dandelion-tulip,within ,Mix,visual,mean,4.6
cow-dandelion,between,Mix,visual,mean,1.4
dandelion-donkey,between,Mix,visual,mean,1.4666666666666666
dandelion-goat,between,Mix,visual,mean,1.2666666666666666
dandelion-horse,between,Mix,visual,mean,1.2
dandelion-stag,between,Mix,visual,mean,1.7333333333333334
dandelion-eagle,between,Mix,visual,mean,1.7333333333333334
dandelion-owl,between,Mix,visual,mean,2.0
dandelion-parrot,between,Mix,visual,mean,2.0
dandelion-pigeon,between,Mix,visual,mean,1.4
dandelion-stork,between,Mix,visual,mean,1.7333333333333334
axe-dandelion,between,Mix,visual,mean,2.1333333333333333
dandelion-hammer,between,Mix,visual,mean,1.9333333333333333
dandelion-pliers,between,Mix,visual,mean,1.8
dandelion-saw,between,Mix,visual,mean,1.6666666666666667
dandelion-shovel,between,Mix,visual,mean,2.1333333333333333
dandelion-dishwasher,between,Mix,visual,mean,1.1333333333333333
dandelion-microwave,between,Mix,visual,mean,1.0666666666666667
dandelion-television,between,Mix,visual,mean,1.1333333333333333
dandelion-toaster,between,Mix,visual,mean,1.5333333333333334
dandelion-washing machine,between,Mix,visual,mean,1.2
blouse-dandelion,between,Mix,visual,mean,1.5333333333333334
coat-dandelion,between,Mix,visual,mean,1.6
dandelion-jacket,between,Mix,visual,mean,1.2
dandelion-shirt,between,Mix,visual,mean,1.4666666666666666
dandelion-uniform,between,Mix,visual,mean,1.8666666666666667
palm tree-rose,within ,Mix,visual,mean,4.2
palm tree-sunflower,within ,Mix,visual,mean,3.533333333333333
palm tree-tulip,within ,Mix,visual,mean,3.3333333333333335
cow-palm tree,between,Mix,visual,mean,1.2666666666666666
donkey-palm tree,between,Mix,visual,mean,1.5333333333333334
goat-palm tree,between,Mix,visual,mean,1.5333333333333334
horse-palm tree,between,Mix,visual,mean,1.6666666666666667
palm tree-stag,between,Mix,visual,mean,1.8666666666666667
eagle-palm tree,between,Mix,visual,mean,2.3333333333333335
owl-palm tree,between,Mix,visual,mean,1.9333333333333333
palm tree-parrot,between,Mix,visual,mean,2.2666666666666666
palm tree-pigeon,between,Mix,visual,mean,1.7333333333333334
palm tree-stork,between,Mix,visual,mean,2.1333333333333333
axe-palm tree,between,Mix,visual,mean,2.6
hammer-palm tree,between,Mix,visual,mean,2.8666666666666667
palm tree-pliers,between,Mix,visual,mean,2.533333333333333
palm tree-saw,between,Mix,visual,mean,2.3333333333333335
palm tree-shovel,between,Mix,visual,mean,2.4
dishwasher-palm tree,between,Mix,visual,mean,1.3333333333333333
microwave-palm tree,between,Mix,visual,mean,1.2
palm tree-television,between,Mix,visual,mean,1.2
palm tree-toaster,between,Mix,visual,mean,1.2
palm tree-washing machine,between,Mix,visual,mean,1.4666666666666666
blouse-palm tree,between,Mix,visual,mean,1.3333333333333333
coat-palm tree,between,Mix,visual,mean,1.8666666666666667
jacket-palm tree,between,Mix,visual,mean,2.0
palm tree-shirt,between,Mix,visual,mean,1.3333333333333333
palm tree-uniform,between,Mix,visual,mean,1.5333333333333334
rose-sunflower,within ,Mix,visual,mean,4.333333333333333
rose-tulip,within ,Mix,visual,mean,4.933333333333334
cow-rose,between,Mix,visual,mean,1.3333333333333333
donkey-rose,between,Mix,visual,mean,1.1333333333333333
goat-rose,between,Mix,visual,mean,1.2666666666666666
horse-rose,between,Mix,visual,mean,1.3333333333333333
rose-stag,between,Mix,visual,mean,2.2666666666666666
eagle-rose,between,Mix,visual,mean,2.533333333333333
owl-rose,between,Mix,visual,mean,2.2666666666666666
parrot-rose,between,Mix,visual,mean,1.8666666666666667
pigeon-rose,between,Mix,visual,mean,2.0
rose-stork,between,Mix,visual,mean,1.7333333333333334
axe-rose,between,Mix,visual,mean,1.8666666666666667
hammer-rose,between,Mix,visual,mean,2.3333333333333335
pliers-rose,between,Mix,visual,mean,2.3333333333333335
rose-saw,between,Mix,visual,mean,1.8666666666666667
rose-shovel,between,Mix,visual,mean,2.2
dishwasher-rose,between,Mix,visual,mean,1.3333333333333333
microwave-rose,between,Mix,visual,mean,1.5333333333333334
rose-television,between,Mix,visual,mean,1.1333333333333333
rose-toaster,between,Mix,visual,mean,1.1333333333333333
rose-washing machine,between,Mix,visual,mean,1.2
blouse-rose,between,Mix,visual,mean,1.7333333333333334
coat-rose,between,Mix,visual,mean,1.8
jacket-rose,between,Mix,visual,mean,2.2
rose-shirt,between,Mix,visual,mean,1.9333333333333333
rose-uniform,between,Mix,visual,mean,1.5333333333333334
sunflower-tulip,within ,Mix,visual,mean,4.4
cow-sunflower,between,Mix,visual,mean,1.3333333333333333
donkey-sunflower,between,Mix,visual,mean,1.2666666666666666
goat-sunflower,between,Mix,visual,mean,1.4
horse-sunflower,between,Mix,visual,mean,1.4
stag-sunflower,between,Mix,visual,mean,1.6
eagle-sunflower,between,Mix,visual,mean,1.9333333333333333
owl-sunflower,between,Mix,visual,mean,2.6
parrot-sunflower,between,Mix,visual,mean,2.2
pigeon-sunflower,between,Mix,visual,mean,2.066666666666667
stork-sunflower,between,Mix,visual,mean,1.2
axe-sunflower,between,Mix,visual,mean,2.533333333333333
hammer-sunflower,between,Mix,visual,mean,2.4
pliers-sunflower,between,Mix,visual,mean,2.8666666666666667
saw-sunflower,between,Mix,visual,mean,1.8
shovel-sunflower,between,Mix,visual,mean,1.8
dishwasher-sunflower,between,Mix,visual,mean,1.1333333333333333
microwave-sunflower,between,Mix,visual,mean,1.3333333333333333
sunflower-television,between,Mix,visual,mean,1.0666666666666667
sunflower-toaster,between,Mix,visual,mean,1.4666666666666666
sunflower-washing machine,between,Mix,visual,mean,1.2
blouse-sunflower,between,Mix,visual,mean,1.8666666666666667
coat-sunflower,between,Mix,visual,mean,2.6
jacket-sunflower,between,Mix,visual,mean,1.6
shirt-sunflower,between,Mix,visual,mean,1.6666666666666667
sunflower-uniform,between,Mix,visual,mean,1.4
cow-tulip,between,Mix,visual,mean,1.5333333333333334
donkey-tulip,between,Mix,visual,mean,1.4
goat-tulip,between,Mix,visual,mean,1.6
horse-tulip,between,Mix,visual,mean,1.2666666666666666
stag-tulip,between,Mix,visual,mean,1.6
eagle-tulip,between,Mix,visual,mean,2.066666666666667
owl-tulip,between,Mix,visual,mean,1.8
parrot-tulip,between,Mix,visual,mean,2.6666666666666665
pigeon-tulip,between,Mix,visual,mean,1.8
stork-tulip,between,Mix,visual,mean,1.7333333333333334
axe-tulip,between,Mix,visual,mean,2.2666666666666666
hammer-tulip,between,Mix,visual,mean,2.8666666666666667
pliers-tulip,between,Mix,visual,mean,2.6
saw-tulip,between,Mix,visual,mean,2.066666666666667
shovel-tulip,between,Mix,visual,mean,3.2
dishwasher-tulip,between,Mix,visual,mean,1.4666666666666666
microwave-tulip,between,Mix,visual,mean,1.0666666666666667
television-tulip,between,Mix,visual,mean,1.6
toaster-tulip,between,Mix,visual,mean,1.4666666666666666
tulip-washing machine,between,Mix,visual,mean,1.2
blouse-tulip,between,Mix,visual,mean,2.2
coat-tulip,between,Mix,visual,mean,2.533333333333333
jacket-tulip,between,Mix,visual,mean,1.2666666666666666
shirt-tulip,between,Mix,visual,mean,1.6666666666666667
tulip-uniform,between,Mix,visual,mean,2.4
cow-donkey,within ,Mix,visual,mean,4.133333333333334
cow-goat,within ,Mix,visual,mean,4.533333333333333
cow-horse,within ,Mix,visual,mean,4.2
cow-stag,within ,Mix,visual,mean,4.066666666666666
cow-eagle,between,Mix,visual,mean,2.2
cow-owl,between,Mix,visual,mean,2.066666666666667
cow-parrot,between,Mix,visual,mean,1.9333333333333333
cow-pigeon,between,Mix,visual,mean,1.9333333333333333
cow-stork,between,Mix,visual,mean,2.2666666666666666
axe-cow,between,Mix,visual,mean,1.2
cow-hammer,between,Mix,visual,mean,1.2666666666666666
cow-pliers,between,Mix,visual,mean,1.1333333333333333
cow-saw,between,Mix,visual,mean,1.7333333333333334
cow-shovel,between,Mix,visual,mean,1.4
cow-dishwasher,between,Mix,visual,mean,1.5333333333333334
cow-microwave,between,Mix,visual,mean,2.066666666666667
cow-television,between,Mix,visual,mean,1.4666666666666666
cow-toaster,between,Mix,visual,mean,2.0
cow-washing machine,between,Mix,visual,mean,1.3333333333333333
blouse-cow,between,Mix,visual,mean,1.6666666666666667
coat-cow,between,Mix,visual,mean,1.4
cow-jacket,between,Mix,visual,mean,1.8
cow-shirt,between,Mix,visual,mean,1.2
cow-uniform,between,Mix,visual,mean,1.2666666666666666
donkey-goat,within ,Mix,visual,mean,4.733333333333333
donkey-horse,within ,Mix,visual,mean,4.4
donkey-stag,within ,Mix,visual,mean,4.466666666666667
donkey-eagle,between,Mix,visual,mean,1.9333333333333333
donkey-owl,between,Mix,visual,mean,2.2
donkey-parrot,between,Mix,visual,mean,2.4
donkey-pigeon,between,Mix,visual,mean,2.6666666666666665
donkey-stork,between,Mix,visual,mean,2.7333333333333334
axe-donkey,between,Mix,visual,mean,1.4
donkey-hammer,between,Mix,visual,mean,1.3333333333333333
donkey-pliers,between,Mix,visual,mean,1.2
donkey-saw,between,Mix,visual,mean,1.7333333333333334
donkey-shovel,between,Mix,visual,mean,1.2
dishwasher-donkey,between,Mix,visual,mean,1.5333333333333334
donkey-microwave,between,Mix,visual,mean,1.7333333333333334
donkey-television,between,Mix,visual,mean,1.4666666666666666
donkey-toaster,between,Mix,visual,mean,1.3333333333333333
donkey-washing machine,between,Mix,visual,mean,1.3333333333333333
blouse-donkey,between,Mix,visual,mean,1.4666666666666666
coat-donkey,between,Mix,visual,mean,1.4
donkey-jacket,between,Mix,visual,mean,1.6
donkey-shirt,between,Mix,visual,mean,1.3333333333333333
donkey-uniform,between,Mix,visual,mean,1.4666666666666666
goat-horse,within ,Mix,visual,mean,4.6
goat-stag,within ,Mix,visual,mean,3.8
eagle-goat,between,Mix,visual,mean,2.2
goat-owl,between,Mix,visual,mean,2.066666666666667
goat-parrot,between,Mix,visual,mean,2.466666666666667
goat-pigeon,between,Mix,visual,mean,1.9333333333333333
goat-stork,between,Mix,visual,mean,3.6666666666666665
axe-goat,between,Mix,visual,mean,1.2666666666666666
goat-hammer,between,Mix,visual,mean,1.4
goat-pliers,between,Mix,visual,mean,1.2
goat-saw,between,Mix,visual,mean,1.6
goat-shovel,between,Mix,visual,mean,1.1333333333333333
dishwasher-goat,between,Mix,visual,mean,1.5333333333333334
goat-microwave,between,Mix,visual,mean,1.4
goat-television,between,Mix,visual,mean,2.1333333333333333
goat-toaster,between,Mix,visual,mean,1.4666666666666666
goat-washing machine,between,Mix,visual,mean,1.4666666666666666
blouse-goat,between,Mix,visual,mean,1.5333333333333334
coat-goat,between,Mix,visual,mean,1.1333333333333333
goat-jacket,between,Mix,visual,mean,1.8666666666666667
goat-shirt,between,Mix,visual,mean,1.2666666666666666
goat-uniform,between,Mix,visual,mean,1.3333333333333333
horse-stag,within ,Mix,visual,mean,4.333333333333333
eagle-horse,between,Mix,visual,mean,2.2
horse-owl,between,Mix,visual,mean,2.1333333333333333
horse-parrot,between,Mix,visual,mean,1.8
horse-pigeon,between,Mix,visual,mean,2.6666666666666665
horse-stork,between,Mix,visual,mean,2.6666666666666665
axe-horse,between,Mix,visual,mean,1.5333333333333334
hammer-horse,between,Mix,visual,mean,1.1333333333333333
horse-pliers,between,Mix,visual,mean,1.7333333333333334
horse-saw,between,Mix,visual,mean,1.2666666666666666
horse-shovel,between,Mix,visual,mean,1.4666666666666666
dishwasher-horse,between,Mix,visual,mean,1.2666666666666666
horse-microwave,between,Mix,visual,mean,1.4666666666666666
horse-television,between,Mix,visual,mean,1.3333333333333333
horse-toaster,between,Mix,visual,mean,1.6666666666666667
horse-washing machine,between,Mix,visual,mean,1.2
blouse-horse,between,Mix,visual,mean,1.6
coat-horse,between,Mix,visual,mean,1.6666666666666667
horse-jacket,between,Mix,visual,mean,1.2
horse-shirt,between,Mix,visual,mean,1.6666666666666667
horse-uniform,between,Mix,visual,mean,1.3333333333333333
eagle-stag,between,Mix,visual,mean,2.4
owl-stag,between,Mix,visual,mean,2.4
parrot-stag,between,Mix,visual,mean,2.0
pigeon-stag,between,Mix,visual,mean,2.1333333333333333
stag-stork,between,Mix,visual,mean,2.8
axe-stag,between,Mix,visual,mean,1.6
hammer-stag,between,Mix,visual,mean,1.4666666666666666
pliers-stag,between,Mix,visual,mean,1.8666666666666667
saw-stag,between,Mix,visual,mean,1.1333333333333333
shovel-stag,between,Mix,visual,mean,1.6666666666666667
dishwasher-stag,between,Mix,visual,mean,1.4666666666666666
microwave-stag,between,Mix,visual,mean,1.2666666666666666
stag-television,between,Mix,visual,mean,1.3333333333333333
stag-toaster,between,Mix,visual,mean,1.3333333333333333
stag-washing machine,between,Mix,visual,mean,1.2666666666666666
blouse-stag,between,Mix,visual,mean,1.6
coat-stag,between,Mix,visual,mean,1.7333333333333334
jacket-stag,between,Mix,visual,mean,1.3333333333333333
shirt-stag,between,Mix,visual,mean,1.4
stag-uniform,between,Mix,visual,mean,1.2666666666666666
eagle-owl,within ,Mix,visual,mean,4.666666666666667
eagle-parrot,within ,Mix,visual,mean,4.533333333333333
eagle-pigeon,within ,Mix,visual,mean,4.6
eagle-stork,within ,Mix,visual,mean,3.6
axe-eagle,between,Mix,visual,mean,2.0
eagle-hammer,between,Mix,visual,mean,1.6
eagle-pliers,between,Mix,visual,mean,2.2
eagle-saw,between,Mix,visual,mean,2.8666666666666667
eagle-shovel,between,Mix,visual,mean,2.2666666666666666
dishwasher-eagle,between,Mix,visual,mean,1.2666666666666666
eagle-microwave,between,Mix,visual,mean,1.2666666666666666
eagle-television,between,Mix,visual,mean,1.2666666666666666
eagle-toaster,between,Mix,visual,mean,1.6666666666666667
eagle-washing machine,between,Mix,visual,mean,1.4
blouse-eagle,between,Mix,visual,mean,1.4
coat-eagle,between,Mix,visual,mean,1.7333333333333334
eagle-jacket,between,Mix,visual,mean,1.6
eagle-shirt,between,Mix,visual,mean,1.6
eagle-uniform,between,Mix,visual,mean,1.4666666666666666
owl-parrot,within ,Mix,visual,mean,4.333333333333333
owl-pigeon,within ,Mix,visual,mean,4.666666666666667
owl-stork,within ,Mix,visual,mean,3.8666666666666667
axe-owl,between,Mix,visual,mean,1.6
hammer-owl,between,Mix,visual,mean,2.466666666666667
owl-pliers,between,Mix,visual,mean,1.8
owl-saw,between,Mix,visual,mean,2.2
owl-shovel,between,Mix,visual,mean,2.0
dishwasher-owl,between,Mix,visual,mean,1.6
microwave-owl,between,Mix,visual,mean,1.3333333333333333
owl-television,between,Mix,visual,mean,1.2
owl-toaster,between,Mix,visual,mean,1.4666666666666666
owl-washing machine,between,Mix,visual,mean,1.3333333333333333
blouse-owl,between,Mix,visual,mean,1.8666666666666667
coat-owl,between,Mix,visual,mean,2.2
jacket-owl,between,Mix,visual,mean,1.7333333333333334
owl-shirt,between,Mix,visual,mean,1.2666666666666666
owl-uniform,between,Mix,visual,mean,1.6
parrot-pigeon,within ,Mix,visual,mean,4.066666666666666
parrot-stork,within ,Mix,visual,mean,4.333333333333333
axe-parrot,between,Mix,visual,mean,3.466666666666667
hammer-parrot,between,Mix,visual,mean,2.933333333333333
parrot-pliers,between,Mix,visual,mean,3.1333333333333333
parrot-saw,between,Mix,visual,mean,2.8
parrot-shovel,between,Mix,visual,mean,2.466666666666667
dishwasher-parrot,between,Mix,visual,mean,1.2
microwave-parrot,between,Mix,visual,mean,1.2666666666666666
parrot-television,between,Mix,visual,mean,1.4
parrot-toaster,between,Mix,visual,mean,1.2666666666666666
parrot-washing machine,between,Mix,visual,mean,1.4666666666666666
blouse-parrot,between,Mix,visual,mean,1.7333333333333334
coat-parrot,between,Mix,visual,mean,2.0
jacket-parrot,between,Mix,visual,mean,1.2666666666666666
parrot-shirt,between,Mix,visual,mean,1.5333333333333334
parrot-uniform,between,Mix,visual,mean,1.4666666666666666
pigeon-stork,within ,Mix,visual,mean,4.266666666666667
axe-pigeon,between,Mix,visual,mean,2.3333333333333335
hammer-pigeon,between,Mix,visual,mean,1.8666666666666667
pigeon-pliers,between,Mix,visual,mean,1.8
pigeon-saw,between,Mix,visual,mean,2.8666666666666667
pigeon-shovel,between,Mix,visual,mean,2.1333333333333333
dishwasher-pigeon,between,Mix,visual,mean,1.7333333333333334
microwave-pigeon,between,Mix,visual,mean,1.2666666666666666
pigeon-television,between,Mix,visual,mean,1.2
pigeon-toaster,between,Mix,visual,mean,1.4
pigeon-washing machine,between,Mix,visual,mean,1.3333333333333333
blouse-pigeon,between,Mix,visual,mean,1.4666666666666666
coat-pigeon,between,Mix,visual,mean,1.5333333333333334
jacket-pigeon,between,Mix,visual,mean,1.7333333333333334
pigeon-shirt,between,Mix,visual,mean,1.5333333333333334
pigeon-uniform,between,Mix,visual,mean,1.5333333333333334
axe-stork,between,Mix,visual,mean,1.9333333333333333
hammer-stork,between,Mix,visual,mean,1.5333333333333334
pliers-stork,between,Mix,visual,mean,1.8
saw-stork,between,Mix,visual,mean,1.4
shovel-stork,between,Mix,visual,mean,2.2666666666666666
dishwasher-stork,between,Mix,visual,mean,1.5333333333333334
microwave-stork,between,Mix,visual,mean,1.1333333333333333
stork-television,between,Mix,visual,mean,1.6
stork-toaster,between,Mix,visual,mean,1.4
stork-washing machine,between,Mix,visual,mean,1.2666666666666666
blouse-stork,between,Mix,visual,mean,1.2666666666666666
coat-stork,between,Mix,visual,mean,1.5333333333333334
jacket-stork,between,Mix,visual,mean,1.3333333333333333
shirt-stork,between,Mix,visual,mean,1.1333333333333333
stork-uniform,between,Mix,visual,mean,1.7333333333333334
axe-hammer,within ,Mix,visual,mean,4.2
axe-pliers,within ,Mix,visual,mean,4.066666666666666
axe-saw,within ,Mix,visual,mean,3.8
axe-shovel,within ,Mix,visual,mean,4.8
axe-dishwasher,between,Mix,visual,mean,1.2666666666666666
axe-microwave,between,Mix,visual,mean,1.2
axe-television,between,Mix,visual,mean,1.4
axe-toaster,between,Mix,visual,mean,1.5333333333333334
axe-washing machine,between,Mix,visual,mean,1.1333333333333333
axe-blouse,between,Mix,visual,mean,1.5333333333333334
axe-coat,between,Mix,visual,mean,1.8666666666666667
axe-jacket,between,Mix,visual,mean,1.4666666666666666
axe-shirt,between,Mix,visual,mean,1.2666666666666666
axe-uniform,between,Mix,visual,mean,1.0666666666666667
hammer-pliers,within ,Mix,visual,mean,3.533333333333333
hammer-saw,within ,Mix,visual,mean,4.4
hammer-shovel,within ,Mix,visual,mean,4.266666666666667
dishwasher-hammer,between,Mix,visual,mean,1.2
hammer-microwave,between,Mix,visual,mean,1.0666666666666667
hammer-television,between,Mix,visual,mean,1.5333333333333334
hammer-toaster,between,Mix,visual,mean,1.4666666666666666
hammer-washing machine,between,Mix,visual,mean,1.2666666666666666
blouse-hammer,between,Mix,visual,mean,1.5333333333333334
coat-hammer,between,Mix,visual,mean,2.2
hammer-jacket,between,Mix,visual,mean,1.3333333333333333
hammer-shirt,between,Mix,visual,mean,1.3333333333333333
hammer-uniform,between,Mix,visual,mean,1.2
pliers-saw,within ,Mix,visual,mean,3.7333333333333334
pliers-shovel,within ,Mix,visual,mean,4.066666666666666
dishwasher-pliers,between,Mix,visual,mean,1.2
microwave-pliers,between,Mix,visual,mean,1.2666666666666666
pliers-television,between,Mix,visual,mean,1.6
pliers-toaster,between,Mix,visual,mean,1.6
pliers-washing machine,between,Mix,visual,mean,1.2666666666666666
blouse-pliers,between,Mix,visual,mean,1.4
coat-pliers,between,Mix,visual,mean,2.1333333333333333
jacket-pliers,between,Mix,visual,mean,1.5333333333333334
pliers-shirt,between,Mix,visual,mean,1.9333333333333333
pliers-uniform,between,Mix,visual,mean,1.2
saw-shovel,within ,Mix,visual,mean,3.466666666666667
dishwasher-saw,between,Mix,visual,mean,1.4666666666666666
microwave-saw,between,Mix,visual,mean,1.3333333333333333
saw-television,between,Mix,visual,mean,1.4666666666666666
saw-toaster,between,Mix,visual,mean,1.4666666666666666
saw-washing machine,between,Mix,visual,mean,1.3333333333333333
blouse-saw,between,Mix,visual,mean,1.1333333333333333
coat-saw,between,Mix,visual,mean,1.6
jacket-saw,between,Mix,visual,mean,1.4666666666666666
saw-shirt,between,Mix,visual,mean,1.3333333333333333
saw-uniform,between,Mix,visual,mean,1.4
dishwasher-shovel,between,Mix,visual,mean,1.6666666666666667
microwave-shovel,between,Mix,visual,mean,1.0666666666666667
shovel-television,between,Mix,visual,mean,1.0666666666666667
shovel-toaster,between,Mix,visual,mean,1.2666666666666666
shovel-washing machine,between,Mix,visual,mean,1.0666666666666667
blouse-shovel,between,Mix,visual,mean,1.1333333333333333
coat-shovel,between,Mix,visual,mean,1.6666666666666667
jacket-shovel,between,Mix,visual,mean,1.4666666666666666
shirt-shovel,between,Mix,visual,mean,1.4
shovel-uniform,between,Mix,visual,mean,1.2666666666666666
dishwasher-microwave,within ,Mix,visual,mean,3.8
dishwasher-television,within ,Mix,visual,mean,3.3333333333333335
dishwasher-toaster,within ,Mix,visual,mean,3.933333333333333
dishwasher-washing machine,within ,Mix,visual,mean,4.266666666666667
blouse-dishwasher,between,Mix,visual,mean,2.0
coat-dishwasher,between,Mix,visual,mean,2.0
dishwasher-jacket,between,Mix,visual,mean,1.6
dishwasher-shirt,between,Mix,visual,mean,2.4
dishwasher-uniform,between,Mix,visual,mean,2.2666666666666666
microwave-television,within ,Mix,visual,mean,3.4
microwave-toaster,within ,Mix,visual,mean,3.6666666666666665
microwave-washing machine,within ,Mix,visual,mean,3.8
blouse-microwave,between,Mix,visual,mean,2.2666666666666666
coat-microwave,between,Mix,visual,mean,1.4666666666666666
jacket-microwave,between,Mix,visual,mean,2.066666666666667
microwave-shirt,between,Mix,visual,mean,1.9333333333333333
microwave-uniform,between,Mix,visual,mean,1.5333333333333334
television-toaster,within ,Mix,visual,mean,4.2
television-washing machine,within ,Mix,visual,mean,4.8
blouse-television,between,Mix,visual,mean,2.4
coat-television,between,Mix,visual,mean,1.7333333333333334
jacket-television,between,Mix,visual,mean,2.1333333333333333
shirt-television,between,Mix,visual,mean,1.6666666666666667
television-uniform,between,Mix,visual,mean,2.533333333333333
toaster-washing machine,within ,Mix,visual,mean,4.8
blouse-toaster,between,Mix,visual,mean,1.4666666666666666
coat-toaster,between,Mix,visual,mean,1.6
jacket-toaster,between,Mix,visual,mean,1.6
shirt-toaster,between,Mix,visual,mean,1.5333333333333334
toaster-uniform,between,Mix,visual,mean,1.6666666666666667
blouse-washing machine,between,Mix,visual,mean,1.9333333333333333
coat-washing machine,between,Mix,visual,mean,1.4666666666666666
jacket-washing machine,between,Mix,visual,mean,1.9333333333333333
shirt-washing machine,between,Mix,visual,mean,2.066666666666667
uniform-washing machine,between,Mix,visual,mean,2.066666666666667
blouse-coat,within ,Mix,visual,mean,4.666666666666667
blouse-jacket,within ,Mix,visual,mean,4.266666666666667
blouse-shirt,within ,Mix,visual,mean,4.133333333333334
blouse-uniform,within ,Mix,visual,mean,4.133333333333334
coat-jacket,within ,Mix,visual,mean,4.8
coat-shirt,within ,Mix,visual,mean,4.2
coat-uniform,within ,Mix,visual,mean,4.2
jacket-shirt,within ,Mix,visual,mean,4.733333333333333
jacket-uniform,within ,Mix,visual,mean,3.7333333333333334
shirt-uniform,within ,Mix,visual,mean,4.266666666666667
